-- phpMyAdmin SQL Dump
-- version 5.2.0
-- https://www.phpmyadmin.net/
--
-- Máy chủ: 127.0.0.1
-- Thời gian đã tạo: Th2 04, 2023 lúc 08:35 AM
-- Phiên bản máy phục vụ: 10.4.27-MariaDB
-- Phiên bản PHP: 7.4.33

SET SQL_MODE = "NO_AUTO_VALUE_ON_ZERO";
START TRANSACTION;
SET time_zone = "+00:00";


/*!40101 SET @OLD_CHARACTER_SET_CLIENT=@@CHARACTER_SET_CLIENT */;
/*!40101 SET @OLD_CHARACTER_SET_RESULTS=@@CHARACTER_SET_RESULTS */;
/*!40101 SET @OLD_COLLATION_CONNECTION=@@COLLATION_CONNECTION */;
/*!40101 SET NAMES utf8mb4 */;

--
-- Cơ sở dữ liệu: `shopping`
--

-- --------------------------------------------------------

--
-- Cấu trúc bảng cho bảng `admin`
--

CREATE TABLE `admin` (
  `id` int(11) NOT NULL,
  `username` varchar(255) NOT NULL,
  `password` varchar(255) NOT NULL,
  `creationDate` timestamp NOT NULL DEFAULT current_timestamp(),
  `updationDate` varchar(255) NOT NULL
) ENGINE=InnoDB DEFAULT CHARSET=utf8mb4 COLLATE=utf8mb4_general_ci;

--
-- Đang đổ dữ liệu cho bảng `admin`
--

INSERT INTO `admin` (`id`, `username`, `password`, `creationDate`, `updationDate`) VALUES
(1, 'admin', 'f925916e2754e5e03f75dd58a5733251', '2022-10-24 09:21:18', '01-11-2022 08:27:55 PM');

-- --------------------------------------------------------

--
-- Cấu trúc bảng cho bảng `category`
--

CREATE TABLE `category` (
  `id` int(11) NOT NULL,
  `categoryName` varchar(255) DEFAULT NULL,
  `categoryDescription` longtext DEFAULT NULL,
  `creationDate` timestamp NOT NULL DEFAULT current_timestamp(),
  `updationDate` varchar(255) DEFAULT NULL
) ENGINE=InnoDB DEFAULT CHARSET=utf8mb4 COLLATE=utf8mb4_general_ci;

--
-- Đang đổ dữ liệu cho bảng `category`
--

INSERT INTO `category` (`id`, `categoryName`, `categoryDescription`, `creationDate`, `updationDate`) VALUES
(1, 'Books', NULL, '2022-11-24 08:28:10', NULL),
(3, 'Note Book', '', '2023-01-05 19:08:35', NULL);

-- --------------------------------------------------------

--
-- Cấu trúc bảng cho bảng `orders`
--

CREATE TABLE `orders` (
  `id` int(11) NOT NULL,
  `userId` int(11) DEFAULT NULL,
  `productId` varchar(255) DEFAULT NULL,
  `quantity` int(11) DEFAULT NULL,
  `orderDate` timestamp NOT NULL DEFAULT current_timestamp(),
  `paymentMethod` varchar(50) DEFAULT NULL,
  `orderStatus` varchar(55) DEFAULT NULL
) ENGINE=InnoDB DEFAULT CHARSET=utf8mb4 COLLATE=utf8mb4_general_ci;

--
-- Đang đổ dữ liệu cho bảng `orders`
--

INSERT INTO `orders` (`id`, `userId`, `productId`, `quantity`, `orderDate`, `paymentMethod`, `orderStatus`) VALUES
(10, 5, '23', 1, '2022-11-22 03:23:03', 'Internet Banking', NULL),
(26, 4, '21', 1, '2022-11-24 13:02:12', 'COD', 'Delivered'),
(27, 4, '22', 1, '2022-11-24 13:02:12', 'COD', NULL),
(28, 4, '23', 1, '2022-11-24 13:02:12', 'COD', NULL),
(29, 4, '15', 1, '2022-11-27 01:40:29', 'Internet Banking', 'Delivered'),
(30, 4, '3', 2, '2022-11-27 01:47:06', 'COD', 'Delivered'),
(31, 4, '12', 1, '2022-11-27 01:54:04', 'Payment with MOMO QRCode', 'Delivered'),
(32, 1, '3', 1, '2022-11-27 02:08:12', NULL, NULL),
(33, 4, '15', 1, '2022-11-27 09:58:19', NULL, 'Delivered'),
(34, 4, '15', 1, '2022-11-29 04:00:33', NULL, 'Delivered'),
(35, 4, '15', 1, '2022-11-29 04:27:40', NULL, 'Delivered'),
(36, 5, '1', 1, '2022-11-30 00:53:51', 'COD', 'Delivered'),
(37, 5, '12', 1, '2022-11-30 00:54:53', 'COD', NULL),
(38, 5, '3', 1, '2022-11-30 00:56:02', 'COD', NULL),
(39, 5, '19', 1, '2022-12-01 13:35:08', 'COD', NULL),
(40, 5, '2', 1, '2022-12-01 13:36:00', 'Internet Banking', NULL),
(41, 5, '4', 1, '2022-12-01 13:37:25', 'Internet Banking', NULL),
(42, 5, '2', 1, '2022-12-01 13:38:18', '', 'Delivered'),
(43, 5, '2', 1, '2022-12-01 13:55:58', '', NULL),
(44, 5, '16', 1, '2022-12-01 13:55:58', '', NULL),
(45, 5, '1', 1, '2022-12-08 10:50:08', '', NULL),
(46, 5, '1', 1, '2022-12-08 10:51:45', '', NULL),
(47, 5, '1', 3, '2022-12-08 10:52:03', 'COD', NULL),
(48, 5, '1', 1, '2022-12-09 10:56:52', 'COD', 'Delivered'),
(49, 5, '2', 1, '2022-12-09 10:56:52', 'COD', NULL),
(50, 5, '11', 1, '2022-12-09 10:56:52', 'COD', NULL),
(51, 5, '14', 1, '2022-12-09 10:56:52', 'COD', NULL),
(52, 5, '2', 1, '2022-12-09 11:32:39', 'COD', NULL),
(53, 5, '16', 3, '2022-12-09 11:32:39', 'COD', NULL),
(54, 5, '3', 1, '2022-12-09 11:34:21', 'COD', NULL),
(55, 5, '4', 1, '2022-12-09 11:36:55', 'COD', NULL),
(56, 5, '2', 1, '2022-12-19 17:10:18', 'COD', NULL),
(57, 5, '2', 1, '2022-12-19 17:44:50', 'COD', NULL),
(58, 5, '2', 1, '2022-12-19 18:42:24', 'COD', NULL),
(59, 5, '2', 1, '2022-12-24 11:54:31', 'COD', NULL),
(60, 5, '1', 1, '2023-01-04 19:52:10', 'COD', NULL),
(61, 5, '1', 1, '2023-01-04 19:52:41', 'COD', NULL),
(62, 5, '3', 1, '2023-01-05 01:47:07', 'COD', NULL),
(63, 9, '1', 4, '2023-01-05 08:51:41', NULL, 'in Process'),
(64, 5, '2', 1, '2023-01-05 18:53:14', 'COD', NULL),
(65, 5, '4', 1, '2023-01-05 18:53:14', 'COD', NULL),
(66, 5, '4', 1, '2023-01-05 19:45:25', 'COD', NULL),
(67, 5, '3', 1, '2023-01-05 19:48:26', NULL, NULL);

-- --------------------------------------------------------

--
-- Cấu trúc bảng cho bảng `ordertrackhistory`
--

CREATE TABLE `ordertrackhistory` (
  `id` int(11) NOT NULL,
  `orderId` int(11) DEFAULT NULL,
  `status` varchar(255) DEFAULT NULL,
  `remark` longtext DEFAULT NULL,
  `postingDate` timestamp NOT NULL DEFAULT current_timestamp()
) ENGINE=InnoDB DEFAULT CHARSET=utf8mb4 COLLATE=utf8mb4_general_ci;

--
-- Đang đổ dữ liệu cho bảng `ordertrackhistory`
--

INSERT INTO `ordertrackhistory` (`id`, `orderId`, `status`, `remark`, `postingDate`) VALUES
(5, 26, 'Delivered', 'Done', '2022-11-25 15:46:03'),
(6, 29, 'in Process', '1111', '2022-11-27 02:06:10'),
(7, 30, 'in Process', '`213123', '2022-11-27 02:07:11'),
(8, 31, 'Delivered', '1121221', '2022-11-27 02:09:45'),
(9, 48, 'Delivered', 'Thankyou!', '2022-12-09 11:35:19'),
(10, 29, 'Delivered', 'Thankyou!', '2022-12-09 11:37:27'),
(11, 30, 'Delivered', 'Thankyou!', '2022-12-09 11:37:39'),
(12, 33, 'Delivered', 'Thankyou!', '2022-12-09 11:37:54'),
(13, 34, 'Delivered', 'Thankyou!', '2022-12-09 11:38:01'),
(14, 35, 'Delivered', 'Thankyou!', '2022-12-09 11:38:12'),
(15, 36, 'Delivered', 'Thankyou!', '2022-12-09 11:38:21'),
(16, 42, 'Delivered', 'Thankyou!', '2022-12-09 11:39:05'),
(17, 63, 'in Process', 'good', '2023-01-05 09:01:42');

-- --------------------------------------------------------

--
-- Cấu trúc bảng cho bảng `productreviews`
--

CREATE TABLE `productreviews` (
  `id` int(11) NOT NULL,
  `productId` int(11) DEFAULT NULL,
  `quality` int(11) DEFAULT NULL,
  `price` int(11) DEFAULT NULL,
  `value` int(11) DEFAULT NULL,
  `name` varchar(255) DEFAULT NULL,
  `summary` varchar(255) DEFAULT NULL,
  `review` longtext DEFAULT NULL,
  `reviewDate` timestamp NOT NULL DEFAULT current_timestamp()
) ENGINE=InnoDB DEFAULT CHARSET=utf8mb4 COLLATE=utf8mb4_general_ci;

--
-- Đang đổ dữ liệu cho bảng `productreviews`
--

INSERT INTO `productreviews` (`id`, `productId`, `quality`, `price`, `value`, `name`, `summary`, `review`, `reviewDate`) VALUES
(6, 1, 5, 5, 5, 'Văn Minh Hiếu', 'good', 'Fast delivery, enthusiastic advice', '2022-12-19 18:12:10'),
(7, 11, 5, 5, 5, 'Văn Minh Hiếu', 'good', 'This is an interesting book', '2023-01-05 01:53:04');

-- --------------------------------------------------------

--
-- Cấu trúc bảng cho bảng `products`
--

CREATE TABLE `products` (
  `id` int(11) NOT NULL,
  `category` int(11) NOT NULL,
  `subCategory` int(11) DEFAULT NULL,
  `productName` varchar(255) DEFAULT NULL,
  `productCompany` varchar(255) DEFAULT NULL,
  `productPrice` double(8,2) DEFAULT NULL,
  `productPriceBeforeDiscount` double(8,2) DEFAULT NULL,
  `productDescription` longtext DEFAULT NULL,
  `productImage1` varchar(255) DEFAULT NULL,
  `productImage2` varchar(255) DEFAULT NULL,
  `productImage3` varchar(255) DEFAULT NULL,
  `shippingCharge` int(11) DEFAULT NULL,
  `productAvailability` varchar(255) DEFAULT NULL,
  `postingDate` timestamp NULL DEFAULT current_timestamp(),
  `updationDate` varchar(255) DEFAULT NULL
) ENGINE=InnoDB DEFAULT CHARSET=utf8mb4 COLLATE=utf8mb4_general_ci;

--
-- Đang đổ dữ liệu cho bảng `products`
--

INSERT INTO `products` (`id`, `category`, `subCategory`, `productName`, `productCompany`, `productPrice`, `productPriceBeforeDiscount`, `productDescription`, `productImage1`, `productImage2`, `productImage3`, `shippingCharge`, `productAvailability`, `postingDate`, `updationDate`) VALUES
(1, 1, 1, 'How To Draw 101 Cute Stuff For Kids', 'Sophia Elizabeth', 10.00, 15.00, '<div id=\"detailBullets_feature_div\" style=\"box-sizing: border-box; color: rgb(15, 17, 17); font-family: &quot;Amazon Ember&quot;, Arial, sans-serif; font-size: 14px;\"><ul class=\"a-unordered-list a-nostyle a-vertical a-spacing-none detail-bullet-list\" style=\"box-sizing: border-box; margin-bottom: 1px; margin-left: 18px;\"><li style=\"box-sizing: border-box; list-style: none; overflow-wrap: break-word; margin: 0px 0px 5.5px;\"><span class=\"a-list-item\" style=\"box-sizing: border-box;\"><span class=\"a-text-bold\" style=\"box-sizing: border-box; font-weight: 700 !important;\">ASIN ‏ : ‎&nbsp;</span><span style=\"box-sizing: border-box;\">B09PK9C8CK</span></span></li><li style=\"box-sizing: border-box; list-style: none; overflow-wrap: break-word; margin: 0px 0px 5.5px;\"><span class=\"a-list-item\" style=\"box-sizing: border-box;\"><span class=\"a-text-bold\" style=\"box-sizing: border-box; font-weight: 700 !important;\">Publisher ‏ : ‎&nbsp;</span><span style=\"box-sizing: border-box;\">Independently published (January 1, 2022)</span></span></li><li style=\"box-sizing: border-box; list-style: none; overflow-wrap: break-word; margin: 0px 0px 5.5px;\"><span class=\"a-list-item\" style=\"box-sizing: border-box;\"><span class=\"a-text-bold\" style=\"box-sizing: border-box; font-weight: 700 !important;\">Language ‏ : ‎&nbsp;</span><span style=\"box-sizing: border-box;\">English</span></span></li><li style=\"box-sizing: border-box; list-style: none; overflow-wrap: break-word; margin: 0px 0px 5.5px;\"><span class=\"a-list-item\" style=\"box-sizing: border-box;\"><span class=\"a-text-bold\" style=\"box-sizing: border-box; font-weight: 700 !important;\">Paperback ‏ : ‎&nbsp;</span><span style=\"box-sizing: border-box;\">113 pages</span></span></li><li style=\"box-sizing: border-box; list-style: none; overflow-wrap: break-word; margin: 0px 0px 5.5px;\"><span class=\"a-list-item\" style=\"box-sizing: border-box;\"><span class=\"a-text-bold\" style=\"box-sizing: border-box; font-weight: 700 !important;\">ISBN-13 ‏ : ‎&nbsp;</span><span style=\"box-sizing: border-box;\">979-8794266542</span></span></li><li style=\"box-sizing: border-box; list-style: none; overflow-wrap: break-word; margin: 0px 0px 5.5px;\"><span class=\"a-list-item\" style=\"box-sizing: border-box;\"><span class=\"a-text-bold\" style=\"box-sizing: border-box; font-weight: 700 !important;\">Item Weight ‏ : ‎&nbsp;</span><span style=\"box-sizing: border-box;\">10.8 ounces</span></span></li><li style=\"box-sizing: border-box; list-style: none; overflow-wrap: break-word; margin: 0px 0px 5.5px;\"><span class=\"a-list-item\" style=\"box-sizing: border-box;\"><span class=\"a-text-bold\" style=\"box-sizing: border-box; font-weight: 700 !important;\">Dimensions ‏ : ‎&nbsp;</span><span style=\"box-sizing: border-box;\">8.5 x 0.26 x 11 inches</span></span></li></ul></div><ul class=\"a-unordered-list a-nostyle a-vertical a-spacing-none detail-bullet-list\" style=\"box-sizing: border-box; margin-bottom: 1px; margin-left: 18px; color: rgb(15, 17, 17); font-family: &quot;Amazon Ember&quot;, Arial, sans-serif; font-size: 14px;\"><li style=\"box-sizing: border-box; list-style: none; overflow-wrap: break-word; margin: 0px 0px 5.5px;\"><span class=\"a-list-item\" style=\"box-sizing: border-box;\"><span class=\"a-text-bold\" style=\"box-sizing: border-box; font-weight: 700 !important;\">Best Sellers Rank:&nbsp;</span>#57 in Books (<a href=\"https://www.amazon.com/gp/bestsellers/books/ref=pd_zg_ts_books\" style=\"box-sizing: border-box; color: rgb(0, 113, 133);\">See Top 100 in Books</a>)<ul class=\"a-unordered-list a-nostyle a-vertical zg_hrsr\" style=\"box-sizing: border-box; margin-left: 14px;\"><li style=\"box-sizing: border-box; list-style: none; overflow-wrap: break-word; margin: 0px 0px 5.5px;\"><span class=\"a-list-item\" style=\"box-sizing: border-box;\">#1 in&nbsp;<a href=\"https://www.amazon.com/gp/bestsellers/books/1860/ref=pd_zg_hrsr_books\" style=\"box-sizing: border-box; color: rgb(0, 113, 133);\">Pencil Drawing</a></span></li><li style=\"box-sizing: border-box; list-style: none; overflow-wrap: break-word; margin: 0px 0px 5.5px;\"><span class=\"a-list-item\" style=\"box-sizing: border-box;\">#1 in&nbsp;<a href=\"https://www.amazon.com/gp/bestsellers/books/1861/ref=pd_zg_hrsr_books\" style=\"box-sizing: border-box; color: rgb(0, 113, 133);\">Drawing Specific Objects</a></span></li></ul></span></li></ul>', 'book1.jpg', 'art2.jpg', 'book1.jpg', 2, 'In Stock', '2022-11-06 05:04:27', NULL),
(2, 1, 1, 'How to Draw Cool Stuff', 'Catherine V Holmes', 9.99, 14.99, '<div id=\"detailBullets_feature_div\" style=\"box-sizing: border-box; color: rgb(15, 17, 17); font-family: &quot;Amazon Ember&quot;, Arial, sans-serif; font-size: 14px;\"><ul class=\"a-unordered-list a-nostyle a-vertical a-spacing-none detail-bullet-list\" style=\"box-sizing: border-box; margin-bottom: 1px; margin-left: 18px;\"><li style=\"box-sizing: border-box; list-style: none; overflow-wrap: break-word; margin: 0px 0px 5.5px;\"><span class=\"a-list-item\" style=\"box-sizing: border-box;\"><span class=\"a-text-bold\" style=\"box-sizing: border-box; font-weight: 700 !important;\">Publisher ‏ : ‎&nbsp;</span><span style=\"box-sizing: border-box;\">Library Tales Publishing, Incorporated; Illustrated edition (March 17, 2014)</span></span></li><li style=\"box-sizing: border-box; list-style: none; overflow-wrap: break-word; margin: 0px 0px 5.5px;\"><span class=\"a-list-item\" style=\"box-sizing: border-box;\"><span class=\"a-text-bold\" style=\"box-sizing: border-box; font-weight: 700 !important;\">Language ‏ : ‎&nbsp;</span><span style=\"box-sizing: border-box;\">English</span></span></li><li style=\"box-sizing: border-box; list-style: none; overflow-wrap: break-word; margin: 0px 0px 5.5px;\"><span class=\"a-list-item\" style=\"box-sizing: border-box;\"><span class=\"a-text-bold\" style=\"box-sizing: border-box; font-weight: 700 !important;\">Paperback ‏ : ‎&nbsp;</span><span style=\"box-sizing: border-box;\">253 pages</span></span></li><li style=\"box-sizing: border-box; list-style: none; overflow-wrap: break-word; margin: 0px 0px 5.5px;\"><span class=\"a-list-item\" style=\"box-sizing: border-box;\"><span class=\"a-text-bold\" style=\"box-sizing: border-box; font-weight: 700 !important;\">ISBN-10 ‏ : ‎&nbsp;</span><span style=\"box-sizing: border-box;\">0615991424</span></span></li><li style=\"box-sizing: border-box; list-style: none; overflow-wrap: break-word; margin: 0px 0px 5.5px;\"><span class=\"a-list-item\" style=\"box-sizing: border-box;\"><span class=\"a-text-bold\" style=\"box-sizing: border-box; font-weight: 700 !important;\">ISBN-13 ‏ : ‎&nbsp;</span><span style=\"box-sizing: border-box;\">978-0615991429</span></span></li><li style=\"box-sizing: border-box; list-style: none; overflow-wrap: break-word; margin: 0px 0px 5.5px;\"><span class=\"a-list-item\" style=\"box-sizing: border-box;\"><span class=\"a-text-bold\" style=\"box-sizing: border-box; font-weight: 700 !important;\">Item Weight ‏ : ‎&nbsp;</span><span style=\"box-sizing: border-box;\">1.15 pounds</span></span></li><li style=\"box-sizing: border-box; list-style: none; overflow-wrap: break-word; margin: 0px 0px 5.5px;\"><span class=\"a-list-item\" style=\"box-sizing: border-box;\"><span class=\"a-text-bold\" style=\"box-sizing: border-box; font-weight: 700 !important;\">Dimensions ‏ : ‎&nbsp;</span><span style=\"box-sizing: border-box;\">8 x 0.57 x 10 inches</span></span></li></ul></div><ul class=\"a-unordered-list a-nostyle a-vertical a-spacing-none detail-bullet-list\" style=\"box-sizing: border-box; margin-bottom: 1px; margin-left: 18px; color: rgb(15, 17, 17); font-family: &quot;Amazon Ember&quot;, Arial, sans-serif; font-size: 14px;\"><li style=\"box-sizing: border-box; list-style: none; overflow-wrap: break-word; margin: 0px 0px 5.5px;\"><span class=\"a-list-item\" style=\"box-sizing: border-box;\"><span class=\"a-text-bold\" style=\"box-sizing: border-box; font-weight: 700 !important;\">Best Sellers Rank:&nbsp;</span>#450 in Books (<a href=\"https://www.amazon.com/gp/bestsellers/books/ref=pd_zg_ts_books\" style=\"box-sizing: border-box; color: rgb(0, 113, 133);\">See Top 100 in Books</a>)<ul class=\"a-unordered-list a-nostyle a-vertical zg_hrsr\" style=\"box-sizing: border-box; margin-left: 14px;\"><li style=\"box-sizing: border-box; list-style: none; overflow-wrap: break-word; margin: 0px 0px 5.5px;\"><span class=\"a-list-item\" style=\"box-sizing: border-box;\">#1 in&nbsp;<a href=\"https://www.amazon.com/gp/bestsellers/books/1846/ref=pd_zg_hrsr_books\" style=\"box-sizing: border-box; color: rgb(0, 113, 133);\">Illustration and Graphic Design</a></span></li><li style=\"box-sizing: border-box; list-style: none; overflow-wrap: break-word; margin: 0px 0px 5.5px;\"><span class=\"a-list-item\" style=\"box-sizing: border-box;\">#9 in&nbsp;<a href=\"https://www.amazon.com/gp/bestsellers/books/1855/ref=pd_zg_hrsr_books\" style=\"box-sizing: border-box; color: rgb(0, 113, 133);\">Drawing (Books)</a></span></li></ul></span></li></ul>', 'art3.1.jpg', 'art3.2.jpg', 'art3.jpg', 4, 'In Stock', '2022-11-06 05:09:52', NULL),
(3, 1, 2, 'Stop Overthinking', 'Emotinal Mental Health', 11.99, 14.99, '<div id=\"detailBullets_feature_div\" style=\"box-sizing: border-box; color: rgb(15, 17, 17); font-family: &quot;Amazon Ember&quot;, Arial, sans-serif; font-size: 14px;\"><ul class=\"a-unordered-list a-nostyle a-vertical a-spacing-none detail-bullet-list\" style=\"box-sizing: border-box; margin-bottom: 1px; margin-left: 18px;\"><li style=\"box-sizing: border-box; list-style: none; overflow-wrap: break-word; margin: 0px 0px 5.5px;\"><span class=\"a-list-item\" style=\"box-sizing: border-box;\"><span class=\"a-text-bold\" style=\"box-sizing: border-box; font-weight: 700 !important;\">ASIN ‏ : ‎&nbsp;</span><span style=\"box-sizing: border-box;\">B08XLLF3PG</span></span></li><li style=\"box-sizing: border-box; list-style: none; overflow-wrap: break-word; margin: 0px 0px 5.5px;\"><span class=\"a-list-item\" style=\"box-sizing: border-box;\"><span class=\"a-text-bold\" style=\"box-sizing: border-box; font-weight: 700 !important;\">Publisher ‏ : ‎&nbsp;</span><span style=\"box-sizing: border-box;\">Independently published (March 1, 2021)</span></span></li><li style=\"box-sizing: border-box; list-style: none; overflow-wrap: break-word; margin: 0px 0px 5.5px;\"><span class=\"a-list-item\" style=\"box-sizing: border-box;\"><span class=\"a-text-bold\" style=\"box-sizing: border-box; font-weight: 700 !important;\">Language ‏ : ‎&nbsp;</span><span style=\"box-sizing: border-box;\">English</span></span></li><li style=\"box-sizing: border-box; list-style: none; overflow-wrap: break-word; margin: 0px 0px 5.5px;\"><span class=\"a-list-item\" style=\"box-sizing: border-box;\"><span class=\"a-text-bold\" style=\"box-sizing: border-box; font-weight: 700 !important;\">Paperback ‏ : ‎&nbsp;</span><span style=\"box-sizing: border-box;\">200 pages</span></span></li><li style=\"box-sizing: border-box; list-style: none; overflow-wrap: break-word; margin: 0px 0px 5.5px;\"><span class=\"a-list-item\" style=\"box-sizing: border-box;\"><span class=\"a-text-bold\" style=\"box-sizing: border-box; font-weight: 700 !important;\">ISBN-13 ‏ : ‎&nbsp;</span><span style=\"box-sizing: border-box;\">979-8715048394</span></span></li><li style=\"box-sizing: border-box; list-style: none; overflow-wrap: break-word; margin: 0px 0px 5.5px;\"><span class=\"a-list-item\" style=\"box-sizing: border-box;\"><span class=\"a-text-bold\" style=\"box-sizing: border-box; font-weight: 700 !important;\">Item Weight ‏ : ‎&nbsp;</span><span style=\"box-sizing: border-box;\">7.4 ounces</span></span></li><li style=\"box-sizing: border-box; list-style: none; overflow-wrap: break-word; margin: 0px 0px 5.5px;\"><span class=\"a-list-item\" style=\"box-sizing: border-box;\"><span class=\"a-text-bold\" style=\"box-sizing: border-box; font-weight: 700 !important;\">Dimensions ‏ : ‎&nbsp;</span><span style=\"box-sizing: border-box;\">5 x 0.46 x 8 inches</span></span></li></ul></div><ul class=\"a-unordered-list a-nostyle a-vertical a-spacing-none detail-bullet-list\" style=\"box-sizing: border-box; margin-bottom: 1px; margin-left: 18px; color: rgb(15, 17, 17); font-family: &quot;Amazon Ember&quot;, Arial, sans-serif; font-size: 14px;\"><li style=\"box-sizing: border-box; list-style: none; overflow-wrap: break-word; margin: 0px 0px 5.5px;\"><span class=\"a-list-item\" style=\"box-sizing: border-box;\"><span class=\"a-text-bold\" style=\"box-sizing: border-box; font-weight: 700 !important;\">Best Sellers Rank:&nbsp;</span>#246 in Books (<a href=\"https://www.amazon.com/gp/bestsellers/books/ref=pd_zg_ts_books\" style=\"box-sizing: border-box; color: rgb(0, 113, 133);\">See Top 100 in Books</a>)<ul class=\"a-unordered-list a-nostyle a-vertical zg_hrsr\" style=\"box-sizing: border-box; margin-left: 14px;\"><li style=\"box-sizing: border-box; list-style: none; overflow-wrap: break-word; margin: 0px 0px 5.5px;\"><span class=\"a-list-item\" style=\"box-sizing: border-box;\">#1 in&nbsp;<a href=\"https://www.amazon.com/gp/bestsellers/books/11170/ref=pd_zg_hrsr_books\" style=\"box-sizing: border-box; color: rgb(0, 113, 133);\">Emotional Mental Health</a></span></li><li style=\"box-sizing: border-box; list-style: none; overflow-wrap: break-word; margin: 0px 0px 5.5px;\"><span class=\"a-list-item\" style=\"box-sizing: border-box;\">#3 in&nbsp;<a href=\"https://www.amazon.com/gp/bestsellers/books/10166950011/ref=pd_zg_hrsr_books\" style=\"box-sizing: border-box; color: rgb(0, 113, 133);\">Emotional Self Help</a></span></li><li style=\"box-sizing: border-box; list-style: none; overflow-wrap: break-word; margin: 0px 0px 5.5px;\"><span class=\"a-list-item\" style=\"box-sizing: border-box;\">#5 in&nbsp;<a href=\"https://www.amazon.com/gp/bestsellers/books/2682/ref=pd_zg_hrsr_books\" style=\"box-sizing: border-box; color: rgb(0, 113, 133);\">Leadership &amp; Motivation</a></span></li></ul></span></li></ul>', 'business1.jpg', 'business2.jpg', 'business2.jpg', 4, 'In Stock', '2022-11-06 05:41:34', NULL),
(4, 1, 2, 'Dare to Lead', 'Brown', 12.99, 14.99, '<div id=\"detailBullets_feature_div\" style=\"box-sizing: border-box; color: rgb(15, 17, 17); font-family: &quot;Amazon Ember&quot;, Arial, sans-serif; font-size: 14px;\"><ul class=\"a-unordered-list a-nostyle a-vertical a-spacing-none detail-bullet-list\" style=\"box-sizing: border-box; margin-bottom: 1px; margin-left: 18px;\"><li style=\"box-sizing: border-box; list-style: none; overflow-wrap: break-word; margin: 0px 0px 5.5px;\"><span class=\"a-list-item\" style=\"box-sizing: border-box;\"><span class=\"a-text-bold\" style=\"box-sizing: border-box; font-weight: 700 !important;\">ASIN ‏ : ‎&nbsp;</span><span style=\"box-sizing: border-box;\">0399592520</span></span></li><li style=\"box-sizing: border-box; list-style: none; overflow-wrap: break-word; margin: 0px 0px 5.5px;\"><span class=\"a-list-item\" style=\"box-sizing: border-box;\"><span class=\"a-text-bold\" style=\"box-sizing: border-box; font-weight: 700 !important;\">Publisher ‏ : ‎&nbsp;</span><span style=\"box-sizing: border-box;\">Random House; First Edition (October 9, 2018)</span></span></li><li style=\"box-sizing: border-box; list-style: none; overflow-wrap: break-word; margin: 0px 0px 5.5px;\"><span class=\"a-list-item\" style=\"box-sizing: border-box;\"><span class=\"a-text-bold\" style=\"box-sizing: border-box; font-weight: 700 !important;\">Language ‏ : ‎&nbsp;</span><span style=\"box-sizing: border-box;\">English</span></span></li><li style=\"box-sizing: border-box; list-style: none; overflow-wrap: break-word; margin: 0px 0px 5.5px;\"><span class=\"a-list-item\" style=\"box-sizing: border-box;\"><span class=\"a-text-bold\" style=\"box-sizing: border-box; font-weight: 700 !important;\">Hardcover ‏ : ‎&nbsp;</span><span style=\"box-sizing: border-box;\">320 pages</span></span></li><li style=\"box-sizing: border-box; list-style: none; overflow-wrap: break-word; margin: 0px 0px 5.5px;\"><span class=\"a-list-item\" style=\"box-sizing: border-box;\"><span class=\"a-text-bold\" style=\"box-sizing: border-box; font-weight: 700 !important;\">ISBN-10 ‏ : ‎&nbsp;</span><span style=\"box-sizing: border-box;\">8925598914</span></span></li><li style=\"box-sizing: border-box; list-style: none; overflow-wrap: break-word; margin: 0px 0px 5.5px;\"><span class=\"a-list-item\" style=\"box-sizing: border-box;\"><span class=\"a-text-bold\" style=\"box-sizing: border-box; font-weight: 700 !important;\">ISBN-13 ‏ : ‎&nbsp;</span><span style=\"box-sizing: border-box;\">978-0399592522</span></span></li><li style=\"box-sizing: border-box; list-style: none; overflow-wrap: break-word; margin: 0px 0px 5.5px;\"><span class=\"a-list-item\" style=\"box-sizing: border-box;\"><span class=\"a-text-bold\" style=\"box-sizing: border-box; font-weight: 700 !important;\">Item Weight ‏ : ‎&nbsp;</span><span style=\"box-sizing: border-box;\">1.06 pounds</span></span></li><li style=\"box-sizing: border-box; list-style: none; overflow-wrap: break-word; margin: 0px 0px 5.5px;\"><span class=\"a-list-item\" style=\"box-sizing: border-box;\"><span class=\"a-text-bold\" style=\"box-sizing: border-box; font-weight: 700 !important;\">Dimensions ‏ : ‎&nbsp;</span><span style=\"box-sizing: border-box;\">5.76 x 1.01 x 8.5 inches</span></span></li></ul></div><ul class=\"a-unordered-list a-nostyle a-vertical a-spacing-none detail-bullet-list\" style=\"box-sizing: border-box; margin-bottom: 1px; margin-left: 18px; color: rgb(15, 17, 17); font-family: &quot;Amazon Ember&quot;, Arial, sans-serif; font-size: 14px;\"><li style=\"box-sizing: border-box; list-style: none; overflow-wrap: break-word; margin: 0px 0px 5.5px;\"><span class=\"a-list-item\" style=\"box-sizing: border-box;\"><span class=\"a-text-bold\" style=\"box-sizing: border-box; font-weight: 700 !important;\">Best Sellers Rank:&nbsp;</span>#621 in Books (<a href=\"https://www.amazon.com/gp/bestsellers/books/ref=pd_zg_ts_books\" style=\"box-sizing: border-box; color: rgb(0, 113, 133);\">See Top 100 in Books</a>)<ul class=\"a-unordered-list a-nostyle a-vertical zg_hrsr\" style=\"box-sizing: border-box; margin-left: 14px;\"><li style=\"box-sizing: border-box; list-style: none; overflow-wrap: break-word; margin: 0px 0px 5.5px;\"><span class=\"a-list-item\" style=\"box-sizing: border-box;\">#9 in&nbsp;<a href=\"https://www.amazon.com/gp/bestsellers/books/11223/ref=pd_zg_hrsr_books\" style=\"box-sizing: border-box; color: rgb(0, 113, 133);\">Popular Social Psychology &amp; Interactions</a></span></li><li style=\"box-sizing: border-box; list-style: none; overflow-wrap: break-word; margin: 0px 0px 5.5px;\"><span class=\"a-list-item\" style=\"box-sizing: border-box;\">#17 in&nbsp;<a href=\"https://www.amazon.com/gp/bestsellers/books/2682/ref=pd_zg_hrsr_books\" style=\"box-sizing: border-box; color: rgb(0, 113, 133);\">Leadership &amp; Motivation</a></span></li><li style=\"box-sizing: border-box; list-style: none; overflow-wrap: break-word; margin: 0px 0px 5.5px;\"><span class=\"a-list-item\" style=\"box-sizing: border-box;\">#41 in&nbsp;<a href=\"https://www.amazon.com/gp/bestsellers/books/4745/ref=pd_zg_hrsr_books\" style=\"box-sizing: border-box; color: rgb(0, 113, 133);\">Personal Transformation Self-Help</a></span></li></ul></span></li></ul>', 'business4.jpg', 'business4.jpg', 'business4.jpg', 4, 'In Stock', '2022-11-06 05:44:55', NULL),
(5, 1, 2, 'The First 90 Days', 'Michael Walkins', 16.99, 19.99, '<div id=\"detailBullets_feature_div\" style=\"box-sizing: border-box; color: rgb(15, 17, 17); font-family: &quot;Amazon Ember&quot;, Arial, sans-serif; font-size: 14px;\"><ul class=\"a-unordered-list a-nostyle a-vertical a-spacing-none detail-bullet-list\" style=\"box-sizing: border-box; margin-bottom: 1px; margin-left: 18px;\"><li style=\"box-sizing: border-box; list-style: none; overflow-wrap: break-word; margin: 0px 0px 5.5px;\"><span class=\"a-list-item\" style=\"box-sizing: border-box;\"><span class=\"a-text-bold\" style=\"box-sizing: border-box; font-weight: 700 !important;\">Publisher ‏ : ‎&nbsp;</span><span style=\"box-sizing: border-box;\">Harvard Business Review Press; Updated, Expanded edition (May 14, 2013)</span></span></li><li style=\"box-sizing: border-box; list-style: none; overflow-wrap: break-word; margin: 0px 0px 5.5px;\"><span class=\"a-list-item\" style=\"box-sizing: border-box;\"><span class=\"a-text-bold\" style=\"box-sizing: border-box; font-weight: 700 !important;\">Language ‏ : ‎&nbsp;</span><span style=\"box-sizing: border-box;\">English</span></span></li><li style=\"box-sizing: border-box; list-style: none; overflow-wrap: break-word; margin: 0px 0px 5.5px;\"><span class=\"a-list-item\" style=\"box-sizing: border-box;\"><span class=\"a-text-bold\" style=\"box-sizing: border-box; font-weight: 700 !important;\">Hardcover ‏ : ‎&nbsp;</span><span style=\"box-sizing: border-box;\">304 pages</span></span></li><li style=\"box-sizing: border-box; list-style: none; overflow-wrap: break-word; margin: 0px 0px 5.5px;\"><span class=\"a-list-item\" style=\"box-sizing: border-box;\"><span class=\"a-text-bold\" style=\"box-sizing: border-box; font-weight: 700 !important;\">ISBN-10 ‏ : ‎&nbsp;</span><span style=\"box-sizing: border-box;\">1422188612</span></span></li><li style=\"box-sizing: border-box; list-style: none; overflow-wrap: break-word; margin: 0px 0px 5.5px;\"><span class=\"a-list-item\" style=\"box-sizing: border-box;\"><span class=\"a-text-bold\" style=\"box-sizing: border-box; font-weight: 700 !important;\">ISBN-13 ‏ : ‎&nbsp;</span><span style=\"box-sizing: border-box;\">978-1422188613</span></span></li><li style=\"box-sizing: border-box; list-style: none; overflow-wrap: break-word; margin: 0px 0px 5.5px;\"><span class=\"a-list-item\" style=\"box-sizing: border-box;\"><span class=\"a-text-bold\" style=\"box-sizing: border-box; font-weight: 700 !important;\">Item Weight ‏ : ‎&nbsp;</span><span style=\"box-sizing: border-box;\">12.3 ounces</span></span></li><li style=\"box-sizing: border-box; list-style: none; overflow-wrap: break-word; margin: 0px 0px 5.5px;\"><span class=\"a-list-item\" style=\"box-sizing: border-box;\"><span class=\"a-text-bold\" style=\"box-sizing: border-box; font-weight: 700 !important;\">Dimensions ‏ : ‎&nbsp;</span><span style=\"box-sizing: border-box;\">5.75 x 1.25 x 8.5 inches</span></span></li></ul></div><ul class=\"a-unordered-list a-nostyle a-vertical a-spacing-none detail-bullet-list\" style=\"box-sizing: border-box; margin-bottom: 1px; margin-left: 18px; color: rgb(15, 17, 17); font-family: &quot;Amazon Ember&quot;, Arial, sans-serif; font-size: 14px;\"><li style=\"box-sizing: border-box; list-style: none; overflow-wrap: break-word; margin: 0px 0px 5.5px;\"><span class=\"a-list-item\" style=\"box-sizing: border-box;\"><span class=\"a-text-bold\" style=\"box-sizing: border-box; font-weight: 700 !important;\">Best Sellers Rank:&nbsp;</span>#1,049 in Books (<a href=\"https://www.amazon.com/gp/bestsellers/books/ref=pd_zg_ts_books\" style=\"box-sizing: border-box; color: rgb(0, 113, 133);\">See Top 100 in Books</a>)<ul class=\"a-unordered-list a-nostyle a-vertical zg_hrsr\" style=\"box-sizing: border-box; margin-left: 14px;\"><li style=\"box-sizing: border-box; list-style: none; overflow-wrap: break-word; margin: 0px 0px 5.5px;\"><span class=\"a-list-item\" style=\"box-sizing: border-box;\">#6 in&nbsp;<a href=\"https://www.amazon.com/gp/bestsellers/books/2575/ref=pd_zg_hrsr_books\" style=\"box-sizing: border-box; color: rgb(0, 113, 133);\">Job Hunting &amp; Career Guides</a></span></li><li style=\"box-sizing: border-box; list-style: none; overflow-wrap: break-word; margin: 0px 0px 5.5px;\"><span class=\"a-list-item\" style=\"box-sizing: border-box;\">#17 in&nbsp;<a href=\"https://www.amazon.com/gp/bestsellers/books/2683/ref=pd_zg_hrsr_books\" style=\"box-sizing: border-box; color: rgb(0, 113, 133);\">Business Management (Books)</a></span></li><li style=\"box-sizing: border-box; list-style: none; overflow-wrap: break-word; margin: 0px 0px 5.5px;\"><span class=\"a-list-item\" style=\"box-sizing: border-box;\">#28 in&nbsp;<a href=\"https://www.amazon.com/gp/bestsellers/books/2682/ref=pd_zg_hrsr_books\" style=\"box-sizing: border-box; color: rgb(0, 113, 133);\">Leadership &amp; Motivation</a></span></li></ul></span></li></ul>', 'business5.jpg', 'business5.1.jpg', 'business5.jpg', 4, 'In Stock', '2022-11-06 05:51:17', NULL),
(6, 1, 2, 'Give and Take', 'Adam', 13.99, 16.99, '<div id=\"detailBullets_feature_div\" style=\"box-sizing: border-box; color: rgb(15, 17, 17); font-family: &quot;Amazon Ember&quot;, Arial, sans-serif; font-size: 14px;\"><ul class=\"a-unordered-list a-nostyle a-vertical a-spacing-none detail-bullet-list\" style=\"box-sizing: border-box; margin-bottom: 1px; margin-left: 18px;\"><li style=\"box-sizing: border-box; list-style: none; overflow-wrap: break-word; margin: 0px 0px 5.5px;\"><span class=\"a-list-item\" style=\"box-sizing: border-box;\"><span class=\"a-text-bold\" style=\"box-sizing: border-box; font-weight: 700 !important;\">ASIN ‏ : ‎&nbsp;</span><span style=\"box-sizing: border-box;\">0143124986</span></span></li><li style=\"box-sizing: border-box; list-style: none; overflow-wrap: break-word; margin: 0px 0px 5.5px;\"><span class=\"a-list-item\" style=\"box-sizing: border-box;\"><span class=\"a-text-bold\" style=\"box-sizing: border-box; font-weight: 700 !important;\">Publisher ‏ : ‎&nbsp;</span><span style=\"box-sizing: border-box;\">Penguin Books; Reprint edition (March 25, 2014)</span></span></li><li style=\"box-sizing: border-box; list-style: none; overflow-wrap: break-word; margin: 0px 0px 5.5px;\"><span class=\"a-list-item\" style=\"box-sizing: border-box;\"><span class=\"a-text-bold\" style=\"box-sizing: border-box; font-weight: 700 !important;\">Language ‏ : ‎&nbsp;</span><span style=\"box-sizing: border-box;\">English</span></span></li><li style=\"box-sizing: border-box; list-style: none; overflow-wrap: break-word; margin: 0px 0px 5.5px;\"><span class=\"a-list-item\" style=\"box-sizing: border-box;\"><span class=\"a-text-bold\" style=\"box-sizing: border-box; font-weight: 700 !important;\">Paperback ‏ : ‎&nbsp;</span><span style=\"box-sizing: border-box;\">320 pages</span></span></li><li style=\"box-sizing: border-box; list-style: none; overflow-wrap: break-word; margin: 0px 0px 5.5px;\"><span class=\"a-list-item\" style=\"box-sizing: border-box;\"><span class=\"a-text-bold\" style=\"box-sizing: border-box; font-weight: 700 !important;\">ISBN-10 ‏ : ‎&nbsp;</span><span style=\"box-sizing: border-box;\">0315782145</span></span></li><li style=\"box-sizing: border-box; list-style: none; overflow-wrap: break-word; margin: 0px 0px 5.5px;\"><span class=\"a-list-item\" style=\"box-sizing: border-box;\"><span class=\"a-text-bold\" style=\"box-sizing: border-box; font-weight: 700 !important;\">ISBN-13 ‏ : ‎&nbsp;</span><span style=\"box-sizing: border-box;\">978-0315782143</span></span></li><li style=\"box-sizing: border-box; list-style: none; overflow-wrap: break-word; margin: 0px 0px 5.5px;\"><span class=\"a-list-item\" style=\"box-sizing: border-box;\"><span class=\"a-text-bold\" style=\"box-sizing: border-box; font-weight: 700 !important;\">Item Weight ‏ : ‎&nbsp;</span><span style=\"box-sizing: border-box;\">8.8 ounces</span></span></li><li style=\"box-sizing: border-box; list-style: none; overflow-wrap: break-word; margin: 0px 0px 5.5px;\"><span class=\"a-list-item\" style=\"box-sizing: border-box;\"><span class=\"a-text-bold\" style=\"box-sizing: border-box; font-weight: 700 !important;\">Dimensions ‏ : ‎&nbsp;</span><span style=\"box-sizing: border-box;\">5.46 x 0.69 x 8.41 inches</span></span></li></ul></div><ul class=\"a-unordered-list a-nostyle a-vertical a-spacing-none detail-bullet-list\" style=\"box-sizing: border-box; margin-bottom: 1px; margin-left: 18px; color: rgb(15, 17, 17); font-family: &quot;Amazon Ember&quot;, Arial, sans-serif; font-size: 14px;\"><li style=\"box-sizing: border-box; list-style: none; overflow-wrap: break-word; margin: 0px 0px 5.5px;\"><span class=\"a-list-item\" style=\"box-sizing: border-box;\"><span class=\"a-text-bold\" style=\"box-sizing: border-box; font-weight: 700 !important;\">Best Sellers Rank:&nbsp;</span>#5,486 in Books (<a href=\"https://www.amazon.com/gp/bestsellers/books/ref=pd_zg_ts_books\" style=\"box-sizing: border-box; color: rgb(0, 113, 133);\">See Top 100 in Books</a>)<ul class=\"a-unordered-list a-nostyle a-vertical zg_hrsr\" style=\"box-sizing: border-box; margin-left: 14px;\"><li style=\"box-sizing: border-box; list-style: none; overflow-wrap: break-word; margin: 0px 0px 5.5px;\"><span class=\"a-list-item\" style=\"box-sizing: border-box;\">#62 in&nbsp;<a href=\"https://www.amazon.com/gp/bestsellers/books/2545/ref=pd_zg_hrsr_books\" style=\"box-sizing: border-box; color: rgb(0, 113, 133);\">Business Motivation &amp; Self-Improvement (Books)</a></span></li><li style=\"box-sizing: border-box; list-style: none; overflow-wrap: break-word; margin: 0px 0px 5.5px;\"><span class=\"a-list-item\" style=\"box-sizing: border-box;\">#74 in&nbsp;<a href=\"https://www.amazon.com/gp/bestsellers/books/2685/ref=pd_zg_hrsr_books\" style=\"box-sizing: border-box; color: rgb(0, 113, 133);\">Motivational Management &amp; Leadership</a></span></li><li style=\"box-sizing: border-box; list-style: none; overflow-wrap: break-word; margin: 0px 0px 5.5px;\"><span class=\"a-list-item\" style=\"box-sizing: border-box;\">#107 in&nbsp;<a href=\"https://www.amazon.com/gp/bestsellers/books/2682/ref=pd_zg_hrsr_books\" style=\"box-sizing: border-box; color: rgb(0, 113, 133);\">Leadership &amp; Motivation</a></span></li></ul></span></li></ul>', 'business6.jpg', 'business6.jpg', 'business6.jpg', 4, 'In Stock', '2022-11-06 06:03:31', NULL),
(7, 1, 3, 'Atomic Habits', 'James Clear', 11.99, 15.99, '<div id=\"detailBullets_feature_div\" style=\"box-sizing: border-box; color: rgb(15, 17, 17); font-family: &quot;Amazon Ember&quot;, Arial, sans-serif; font-size: 14px;\"><ul class=\"a-unordered-list a-nostyle a-vertical a-spacing-none detail-bullet-list\" style=\"box-sizing: border-box; margin-bottom: 1px; margin-left: 18px;\"><li style=\"box-sizing: border-box; list-style: none; overflow-wrap: break-word; margin: 0px 0px 5.5px;\"><span class=\"a-list-item\" style=\"box-sizing: border-box;\"><span class=\"a-text-bold\" style=\"box-sizing: border-box; font-weight: 700 !important;\">Publisher ‏ : ‎&nbsp;</span><span style=\"box-sizing: border-box;\">Avery; Illustrated edition (October 16, 2018)</span></span></li><li style=\"box-sizing: border-box; list-style: none; overflow-wrap: break-word; margin: 0px 0px 5.5px;\"><span class=\"a-list-item\" style=\"box-sizing: border-box;\"><span class=\"a-text-bold\" style=\"box-sizing: border-box; font-weight: 700 !important;\">Language ‏ : ‎&nbsp;</span><span style=\"box-sizing: border-box;\">English</span></span></li><li style=\"box-sizing: border-box; list-style: none; overflow-wrap: break-word; margin: 0px 0px 5.5px;\"><span class=\"a-list-item\" style=\"box-sizing: border-box;\"><span class=\"a-text-bold\" style=\"box-sizing: border-box; font-weight: 700 !important;\">Hardcover ‏ : ‎&nbsp;</span><span style=\"box-sizing: border-box;\">320 pages</span></span></li><li style=\"box-sizing: border-box; list-style: none; overflow-wrap: break-word; margin: 0px 0px 5.5px;\"><span class=\"a-list-item\" style=\"box-sizing: border-box;\"><span class=\"a-text-bold\" style=\"box-sizing: border-box; font-weight: 700 !important;\">ISBN-10 ‏ : ‎&nbsp;</span><span style=\"box-sizing: border-box;\">0735211299</span></span></li><li style=\"box-sizing: border-box; list-style: none; overflow-wrap: break-word; margin: 0px 0px 5.5px;\"><span class=\"a-list-item\" style=\"box-sizing: border-box;\"><span class=\"a-text-bold\" style=\"box-sizing: border-box; font-weight: 700 !important;\">ISBN-13 ‏ : ‎&nbsp;</span><span style=\"box-sizing: border-box;\">978-0735211292</span></span></li><li style=\"box-sizing: border-box; list-style: none; overflow-wrap: break-word; margin: 0px 0px 5.5px;\"><span class=\"a-list-item\" style=\"box-sizing: border-box;\"><span class=\"a-text-bold\" style=\"box-sizing: border-box; font-weight: 700 !important;\">Item Weight ‏ : ‎&nbsp;</span><span style=\"box-sizing: border-box;\">1.18 pounds</span></span></li><li style=\"box-sizing: border-box; list-style: none; overflow-wrap: break-word; margin: 0px 0px 5.5px;\"><span class=\"a-list-item\" style=\"box-sizing: border-box;\"><span class=\"a-text-bold\" style=\"box-sizing: border-box; font-weight: 700 !important;\">Dimensions ‏ : ‎&nbsp;</span><span style=\"box-sizing: border-box;\">6.37 x 1.06 x 9.35 inches</span></span></li></ul></div><ul class=\"a-unordered-list a-nostyle a-vertical a-spacing-none detail-bullet-list\" style=\"box-sizing: border-box; margin-bottom: 1px; margin-left: 18px; color: rgb(15, 17, 17); font-family: &quot;Amazon Ember&quot;, Arial, sans-serif; font-size: 14px;\"><li style=\"box-sizing: border-box; list-style: none; overflow-wrap: break-word; margin: 0px 0px 5.5px;\"><span class=\"a-list-item\" style=\"box-sizing: border-box;\"><span class=\"a-text-bold\" style=\"box-sizing: border-box; font-weight: 700 !important;\">Best Sellers Rank:&nbsp;</span>#11 in Books (<a href=\"https://www.amazon.com/gp/bestsellers/books/ref=pd_zg_ts_books\" style=\"box-sizing: border-box; color: rgb(0, 113, 133);\">See Top 100 in Books</a>)<ul class=\"a-unordered-list a-nostyle a-vertical zg_hrsr\" style=\"box-sizing: border-box; margin-left: 14px;\"><li style=\"box-sizing: border-box; list-style: none; overflow-wrap: break-word; margin: 0px 0px 5.5px;\"><span class=\"a-list-item\" style=\"box-sizing: border-box;\">#1 in&nbsp;<a href=\"https://www.amazon.com/gp/bestsellers/books/11223/ref=pd_zg_hrsr_books\" style=\"box-sizing: border-box; color: rgb(0, 113, 133);\">Popular Social Psychology &amp; Interactions</a></span></li><li style=\"box-sizing: border-box; list-style: none; overflow-wrap: break-word; margin: 0px 0px 5.5px;\"><span class=\"a-list-item\" style=\"box-sizing: border-box;\">#1 in&nbsp;<a href=\"https://www.amazon.com/gp/bestsellers/books/355561011/ref=pd_zg_hrsr_books\" style=\"box-sizing: border-box; color: rgb(0, 113, 133);\">Business Processes &amp; Infrastructure</a></span></li><li style=\"box-sizing: border-box; list-style: none; overflow-wrap: break-word; margin: 0px 0px 5.5px;\"><span class=\"a-list-item\" style=\"box-sizing: border-box;\">#2 in&nbsp;<a href=\"https://www.amazon.com/gp/bestsellers/books/4745/ref=pd_zg_hrsr_books\" style=\"box-sizing: border-box; color: rgb(0, 113, 133);\">Personal Transformation Self-Help</a></span></li></ul></span></li></ul>', 'money1.jpg', 'money1.jpg', 'money1.jpg', 2, 'In Stock', '2022-11-25 15:52:52', NULL),
(8, 1, 3, 'The 48 Laws of Power', 'Robert Greene', 11.60, 16.99, '<div id=\"detailBullets_feature_div\" style=\"box-sizing: border-box; color: rgb(15, 17, 17); font-family: &quot;Amazon Ember&quot;, Arial, sans-serif; font-size: 14px;\"><ul class=\"a-unordered-list a-nostyle a-vertical a-spacing-none detail-bullet-list\" style=\"box-sizing: border-box; margin-bottom: 1px; margin-left: 18px;\"><li style=\"box-sizing: border-box; list-style: none; overflow-wrap: break-word; margin: 0px 0px 5.5px;\"><span class=\"a-list-item\" style=\"box-sizing: border-box;\"><span class=\"a-text-bold\" style=\"box-sizing: border-box; font-weight: 700 !important;\">Publisher ‏ : ‎&nbsp;</span><span style=\"box-sizing: border-box;\">Penguin Books; 1st edition (September 1, 2000)</span></span></li><li style=\"box-sizing: border-box; list-style: none; overflow-wrap: break-word; margin: 0px 0px 5.5px;\"><span class=\"a-list-item\" style=\"box-sizing: border-box;\"><span class=\"a-text-bold\" style=\"box-sizing: border-box; font-weight: 700 !important;\">Language ‏ : ‎&nbsp;</span><span style=\"box-sizing: border-box;\">English</span></span></li><li style=\"box-sizing: border-box; list-style: none; overflow-wrap: break-word; margin: 0px 0px 5.5px;\"><span class=\"a-list-item\" style=\"box-sizing: border-box;\"><span class=\"a-text-bold\" style=\"box-sizing: border-box; font-weight: 700 !important;\">Paperback ‏ : ‎&nbsp;</span><span style=\"box-sizing: border-box;\">452 pages</span></span></li><li style=\"box-sizing: border-box; list-style: none; overflow-wrap: break-word; margin: 0px 0px 5.5px;\"><span class=\"a-list-item\" style=\"box-sizing: border-box;\"><span class=\"a-text-bold\" style=\"box-sizing: border-box; font-weight: 700 !important;\">ISBN-10 ‏ : ‎&nbsp;</span><span style=\"box-sizing: border-box;\">0140280197</span></span></li><li style=\"box-sizing: border-box; list-style: none; overflow-wrap: break-word; margin: 0px 0px 5.5px;\"><span class=\"a-list-item\" style=\"box-sizing: border-box;\"><span class=\"a-text-bold\" style=\"box-sizing: border-box; font-weight: 700 !important;\">ISBN-13 ‏ : ‎&nbsp;</span><span style=\"box-sizing: border-box;\">978-0140280197</span></span></li><li style=\"box-sizing: border-box; list-style: none; overflow-wrap: break-word; margin: 0px 0px 5.5px;\"><span class=\"a-list-item\" style=\"box-sizing: border-box;\"><span class=\"a-text-bold\" style=\"box-sizing: border-box; font-weight: 700 !important;\">Reading age ‏ : ‎&nbsp;</span><span style=\"box-sizing: border-box;\">18 years and up</span></span></li><li style=\"box-sizing: border-box; list-style: none; overflow-wrap: break-word; margin: 0px 0px 5.5px;\"><span class=\"a-list-item\" style=\"box-sizing: border-box;\"><span class=\"a-text-bold\" style=\"box-sizing: border-box; font-weight: 700 !important;\">Grade level ‏ : ‎&nbsp;</span><span style=\"box-sizing: border-box;\">12 and up</span></span></li><li style=\"box-sizing: border-box; list-style: none; overflow-wrap: break-word; margin: 0px 0px 5.5px;\"><span class=\"a-list-item\" style=\"box-sizing: border-box;\"><span class=\"a-text-bold\" style=\"box-sizing: border-box; font-weight: 700 !important;\">Item Weight ‏ : ‎&nbsp;</span><span style=\"box-sizing: border-box;\">1.64 pounds</span></span></li><li style=\"box-sizing: border-box; list-style: none; overflow-wrap: break-word; margin: 0px 0px 5.5px;\"><span class=\"a-list-item\" style=\"box-sizing: border-box;\"><span class=\"a-text-bold\" style=\"box-sizing: border-box; font-weight: 700 !important;\">Dimensions ‏ : ‎&nbsp;</span><span style=\"box-sizing: border-box;\">9.1 x 6.4 x 1.3 inches</span></span></li></ul></div><ul class=\"a-unordered-list a-nostyle a-vertical a-spacing-none detail-bullet-list\" style=\"box-sizing: border-box; margin-bottom: 1px; margin-left: 18px; color: rgb(15, 17, 17); font-family: &quot;Amazon Ember&quot;, Arial, sans-serif; font-size: 14px;\"><li style=\"box-sizing: border-box; list-style: none; overflow-wrap: break-word; margin: 0px 0px 5.5px;\"><span class=\"a-list-item\" style=\"box-sizing: border-box;\"><span class=\"a-text-bold\" style=\"box-sizing: border-box; font-weight: 700 !important;\">Best Sellers Rank:&nbsp;</span>#44 in Books (<a href=\"https://www.amazon.com/gp/bestsellers/books/ref=pd_zg_ts_books\" style=\"box-sizing: border-box; color: rgb(0, 113, 133);\">See Top 100 in Books</a>)<ul class=\"a-unordered-list a-nostyle a-vertical zg_hrsr\" style=\"box-sizing: border-box; margin-left: 14px;\"><li style=\"box-sizing: border-box; list-style: none; overflow-wrap: break-word; margin: 0px 0px 5.5px;\"><span class=\"a-list-item\" style=\"box-sizing: border-box;\">#1 in&nbsp;<a href=\"https://www.amazon.com/gp/bestsellers/books/11086/ref=pd_zg_hrsr_books\" style=\"box-sizing: border-box; color: rgb(0, 113, 133);\">History &amp; Theory of Politics</a></span></li><li style=\"box-sizing: border-box; list-style: none; overflow-wrap: break-word; margin: 0px 0px 5.5px;\"><span class=\"a-list-item\" style=\"box-sizing: border-box;\">#1 in&nbsp;<a href=\"https://www.amazon.com/gp/bestsellers/books/2545/ref=pd_zg_hrsr_books\" style=\"box-sizing: border-box; color: rgb(0, 113, 133);\">Business Motivation &amp; Self-Improvement (Books)</a></span></li><li style=\"box-sizing: border-box; list-style: none; overflow-wrap: break-word; margin: 0px 0px 5.5px;\"><span class=\"a-list-item\" style=\"box-sizing: border-box;\">#1 in&nbsp;<a href=\"https://www.amazon.com/gp/bestsellers/books/4749/ref=pd_zg_hrsr_books\" style=\"box-sizing: border-box; color: rgb(0, 113, 133);\">Success Self-Help</a></span></li></ul></span></li></ul>', 'money2.jpg', 'money2.jpg', 'money2.jpg', 2, 'In Stock', '2022-11-25 15:56:09', NULL),
(9, 1, 3, 'The Tools', 'Phil Stutz', 8.88, 12.88, '<h2 style=\"box-sizing: border-box; padding: 0px 0px 4px; margin-bottom: 0px; font-weight: 400; line-height: 32px; color: rgb(15, 17, 17); font-family: &quot;Amazon Ember&quot;, Arial, sans-serif;\">Product details</h2><div id=\"detailBullets_feature_div\" style=\"box-sizing: border-box; color: rgb(15, 17, 17); font-family: &quot;Amazon Ember&quot;, Arial, sans-serif; font-size: 14px;\"><ul class=\"a-unordered-list a-nostyle a-vertical a-spacing-none detail-bullet-list\" style=\"box-sizing: border-box; margin-bottom: 1px; margin-left: 18px;\"><li style=\"box-sizing: border-box; list-style: none; overflow-wrap: break-word; margin: 0px 0px 5.5px;\"><span class=\"a-list-item\" style=\"box-sizing: border-box;\"><span class=\"a-text-bold\" style=\"box-sizing: border-box; font-weight: 700 !important;\">Publisher ‏ : ‎&nbsp;</span><span style=\"box-sizing: border-box;\">Random House Publishing Group; Reprint edition (May 21, 2013)</span></span></li><li style=\"box-sizing: border-box; list-style: none; overflow-wrap: break-word; margin: 0px 0px 5.5px;\"><span class=\"a-list-item\" style=\"box-sizing: border-box;\"><span class=\"a-text-bold\" style=\"box-sizing: border-box; font-weight: 700 !important;\">Language ‏ : ‎&nbsp;</span><span style=\"box-sizing: border-box;\">English</span></span></li><li style=\"box-sizing: border-box; list-style: none; overflow-wrap: break-word; margin: 0px 0px 5.5px;\"><span class=\"a-list-item\" style=\"box-sizing: border-box;\"><span class=\"a-text-bold\" style=\"box-sizing: border-box; font-weight: 700 !important;\">Paperback ‏ : ‎&nbsp;</span><span style=\"box-sizing: border-box;\">288 pages</span></span></li><li style=\"box-sizing: border-box; list-style: none; overflow-wrap: break-word; margin: 0px 0px 5.5px;\"><span class=\"a-list-item\" style=\"box-sizing: border-box;\"><span class=\"a-text-bold\" style=\"box-sizing: border-box; font-weight: 700 !important;\">ISBN-10 ‏ : ‎&nbsp;</span><span style=\"box-sizing: border-box;\">0812983041</span></span></li><li style=\"box-sizing: border-box; list-style: none; overflow-wrap: break-word; margin: 0px 0px 5.5px;\"><span class=\"a-list-item\" style=\"box-sizing: border-box;\"><span class=\"a-text-bold\" style=\"box-sizing: border-box; font-weight: 700 !important;\">ISBN-13 ‏ : ‎&nbsp;</span><span style=\"box-sizing: border-box;\">978-0812983043</span></span></li><li style=\"box-sizing: border-box; list-style: none; overflow-wrap: break-word; margin: 0px 0px 5.5px;\"><span class=\"a-list-item\" style=\"box-sizing: border-box;\"><span class=\"a-text-bold\" style=\"box-sizing: border-box; font-weight: 700 !important;\">Item Weight ‏ : ‎&nbsp;</span><span style=\"box-sizing: border-box;\">7.7 ounces</span></span></li><li style=\"box-sizing: border-box; list-style: none; overflow-wrap: break-word; margin: 0px 0px 5.5px;\"><span class=\"a-list-item\" style=\"box-sizing: border-box;\"><span class=\"a-text-bold\" style=\"box-sizing: border-box; font-weight: 700 !important;\">Dimensions ‏ : ‎&nbsp;</span><span style=\"box-sizing: border-box;\">5.19 x 0.65 x 8 inches</span></span></li></ul></div><ul class=\"a-unordered-list a-nostyle a-vertical a-spacing-none detail-bullet-list\" style=\"box-sizing: border-box; margin-bottom: 1px; margin-left: 18px; color: rgb(15, 17, 17); font-family: &quot;Amazon Ember&quot;, Arial, sans-serif; font-size: 14px;\"><li style=\"box-sizing: border-box; list-style: none; overflow-wrap: break-word; margin: 0px 0px 5.5px;\"><span class=\"a-list-item\" style=\"box-sizing: border-box;\"><span class=\"a-text-bold\" style=\"box-sizing: border-box; font-weight: 700 !important;\">Best Sellers Rank:&nbsp;</span>#53 in Books (<a href=\"https://www.amazon.com/gp/bestsellers/books/ref=pd_zg_ts_books\" style=\"box-sizing: border-box; color: rgb(0, 113, 133);\">See Top 100 in Books</a>)<ul class=\"a-unordered-list a-nostyle a-vertical zg_hrsr\" style=\"box-sizing: border-box; margin-left: 14px;\"><li style=\"box-sizing: border-box; list-style: none; overflow-wrap: break-word; margin: 0px 0px 5.5px;\"><span class=\"a-list-item\" style=\"box-sizing: border-box;\">#1 in&nbsp;<a href=\"https://www.amazon.com/gp/bestsellers/books/4744/ref=pd_zg_hrsr_books\" style=\"box-sizing: border-box; color: rgb(0, 113, 133);\">Motivational Self-Help (Books)</a></span></li><li style=\"box-sizing: border-box; list-style: none; overflow-wrap: break-word; margin: 0px 0px 5.5px;\"><span class=\"a-list-item\" style=\"box-sizing: border-box;\">#2 in&nbsp;<a href=\"https://www.amazon.com/gp/bestsellers/books/2545/ref=pd_zg_hrsr_books\" style=\"box-sizing: border-box; color: rgb(0, 113, 133);\">Business Motivation &amp; Self-Improvement (Books)</a></span></li><li style=\"box-sizing: border-box; list-style: none; overflow-wrap: break-word; margin: 0px 0px 5.5px;\"><span class=\"a-list-item\" style=\"box-sizing: border-box;\">#4 in&nbsp;<a href=\"https://www.amazon.com/gp/bestsellers/books/4745/ref=pd_zg_hrsr_books\" style=\"box-sizing: border-box; color: rgb(0, 113, 133);\">Personal Transformation Self-Help</a></span></li></ul></span></li></ul>', 'money3.jpg', 'money3.jpg', 'money3.jpg', 2, 'In Stock', '2022-11-25 15:57:38', NULL);
INSERT INTO `products` (`id`, `category`, `subCategory`, `productName`, `productCompany`, `productPrice`, `productPriceBeforeDiscount`, `productDescription`, `productImage1`, `productImage2`, `productImage3`, `shippingCharge`, `productAvailability`, `postingDate`, `updationDate`) VALUES
(10, 1, 4, 'Python Programming', 'Codeone ', 18.72, 20.72, '<div id=\"detailBullets_feature_div\" style=\"box-sizing: border-box; color: rgb(15, 17, 17); font-family: &quot;Amazon Ember&quot;, Arial, sans-serif; font-size: 14px;\"><ul class=\"a-unordered-list a-nostyle a-vertical a-spacing-none detail-bullet-list\" style=\"box-sizing: border-box; margin-bottom: 1px; margin-left: 18px;\"><li style=\"box-sizing: border-box; list-style: none; overflow-wrap: break-word; margin: 0px 0px 5.5px;\"><span class=\"a-list-item\" style=\"box-sizing: border-box;\"><span class=\"a-text-bold\" style=\"box-sizing: border-box; font-weight: 700 !important;\">ASIN ‏ : ‎&nbsp;</span><span style=\"box-sizing: border-box;\">B0BL2PHJJ9</span></span></li><li style=\"box-sizing: border-box; list-style: none; overflow-wrap: break-word; margin: 0px 0px 5.5px;\"><span class=\"a-list-item\" style=\"box-sizing: border-box;\"><span class=\"a-text-bold\" style=\"box-sizing: border-box; font-weight: 700 !important;\">Publisher ‏ : ‎&nbsp;</span><span style=\"box-sizing: border-box;\">Independently published (October 31, 2022)</span></span></li><li style=\"box-sizing: border-box; list-style: none; overflow-wrap: break-word; margin: 0px 0px 5.5px;\"><span class=\"a-list-item\" style=\"box-sizing: border-box;\"><span class=\"a-text-bold\" style=\"box-sizing: border-box; font-weight: 700 !important;\">Language ‏ : ‎&nbsp;</span><span style=\"box-sizing: border-box;\">English</span></span></li><li style=\"box-sizing: border-box; list-style: none; overflow-wrap: break-word; margin: 0px 0px 5.5px;\"><span class=\"a-list-item\" style=\"box-sizing: border-box;\"><span class=\"a-text-bold\" style=\"box-sizing: border-box; font-weight: 700 !important;\">Paperback ‏ : ‎&nbsp;</span><span style=\"box-sizing: border-box;\">126 pages</span></span></li><li style=\"box-sizing: border-box; list-style: none; overflow-wrap: break-word; margin: 0px 0px 5.5px;\"><span class=\"a-list-item\" style=\"box-sizing: border-box;\"><span class=\"a-text-bold\" style=\"box-sizing: border-box; font-weight: 700 !important;\">ISBN-13 ‏ : ‎&nbsp;</span><span style=\"box-sizing: border-box;\">979-8361503742</span></span></li><li style=\"box-sizing: border-box; list-style: none; overflow-wrap: break-word; margin: 0px 0px 5.5px;\"><span class=\"a-list-item\" style=\"box-sizing: border-box;\"><span class=\"a-text-bold\" style=\"box-sizing: border-box; font-weight: 700 !important;\">Item Weight ‏ : ‎&nbsp;</span><span style=\"box-sizing: border-box;\">12 ounces</span></span></li><li style=\"box-sizing: border-box; list-style: none; overflow-wrap: break-word; margin: 0px 0px 5.5px;\"><span class=\"a-list-item\" style=\"box-sizing: border-box;\"><span class=\"a-text-bold\" style=\"box-sizing: border-box; font-weight: 700 !important;\">Dimensions ‏ : ‎&nbsp;</span><span style=\"box-sizing: border-box;\">8 x 0.29 x 10 inches</span></span></li></ul></div><ul class=\"a-unordered-list a-nostyle a-vertical a-spacing-none detail-bullet-list\" style=\"box-sizing: border-box; margin-bottom: 1px; margin-left: 18px; color: rgb(15, 17, 17); font-family: &quot;Amazon Ember&quot;, Arial, sans-serif; font-size: 14px;\"><li style=\"box-sizing: border-box; list-style: none; overflow-wrap: break-word; margin: 0px 0px 5.5px;\"><span class=\"a-list-item\" style=\"box-sizing: border-box;\"><span class=\"a-text-bold\" style=\"box-sizing: border-box; font-weight: 700 !important;\">Best Sellers Rank:&nbsp;</span>#8,753 in Books (<a href=\"https://www.amazon.com/gp/bestsellers/books/ref=pd_zg_ts_books\" style=\"box-sizing: border-box; color: rgb(0, 113, 133);\">See Top 100 in Books</a>)<ul class=\"a-unordered-list a-nostyle a-vertical zg_hrsr\" style=\"box-sizing: border-box; margin-left: 14px;\"><li style=\"box-sizing: border-box; list-style: none; overflow-wrap: break-word; margin: 0px 0px 5.5px;\"><span class=\"a-list-item\" style=\"box-sizing: border-box;\">#1 in&nbsp;<a href=\"https://www.amazon.com/gp/bestsellers/books/3974/ref=pd_zg_hrsr_books\" style=\"box-sizing: border-box; color: rgb(0, 113, 133);\">Computer Programming Debugging</a></span></li><li style=\"box-sizing: border-box; list-style: none; overflow-wrap: break-word; margin: 0px 0px 5.5px;\"><span class=\"a-list-item\" style=\"box-sizing: border-box;\">#5 in&nbsp;<a href=\"https://www.amazon.com/gp/bestsellers/books/3944/ref=pd_zg_hrsr_books\" style=\"box-sizing: border-box; color: rgb(0, 113, 133);\">Introductory &amp; Beginning Programming</a></span></li><li style=\"box-sizing: border-box; list-style: none; overflow-wrap: break-word; margin: 0px 0px 5.5px;\"><span class=\"a-list-item\" style=\"box-sizing: border-box;\">#5 in&nbsp;<a href=\"https://www.amazon.com/gp/bestsellers/books/285856/ref=pd_zg_hrsr_books\" style=\"box-sizing: border-box; color: rgb(0, 113, 133);\">Python Programming</a></span></li></ul></span></li></ul>', 'tech1.jpg', 'tech2.jpg', 'tech2.jpg', 2, 'In Stock', '2022-11-25 16:06:38', NULL),
(11, 1, 4, 'HTML and CSS', 'Jon Ducket', 18.99, 29.99, '<h2 style=\"box-sizing: border-box; padding: 0px 0px 4px; margin-bottom: 0px; font-weight: 400; line-height: 32px; color: rgb(15, 17, 17); font-family: &quot;Amazon Ember&quot;, Arial, sans-serif;\">Product details</h2><div id=\"detailBullets_feature_div\" style=\"box-sizing: border-box; color: rgb(15, 17, 17); font-family: &quot;Amazon Ember&quot;, Arial, sans-serif; font-size: 14px;\"><ul class=\"a-unordered-list a-nostyle a-vertical a-spacing-none detail-bullet-list\" style=\"box-sizing: border-box; margin-bottom: 1px; margin-left: 18px;\"><li style=\"box-sizing: border-box; list-style: none; overflow-wrap: break-word; margin: 0px 0px 5.5px;\"><span class=\"a-list-item\" style=\"box-sizing: border-box;\"><span class=\"a-text-bold\" style=\"box-sizing: border-box; font-weight: 700 !important;\">Publisher ‏ : ‎&nbsp;</span><span style=\"box-sizing: border-box;\">John Wiley &amp; Sons; 1st edition (November 8, 2011)</span></span></li><li style=\"box-sizing: border-box; list-style: none; overflow-wrap: break-word; margin: 0px 0px 5.5px;\"><span class=\"a-list-item\" style=\"box-sizing: border-box;\"><span class=\"a-text-bold\" style=\"box-sizing: border-box; font-weight: 700 !important;\">Language ‏ : ‎&nbsp;</span><span style=\"box-sizing: border-box;\">English</span></span></li><li style=\"box-sizing: border-box; list-style: none; overflow-wrap: break-word; margin: 0px 0px 5.5px;\"><span class=\"a-list-item\" style=\"box-sizing: border-box;\"><span class=\"a-text-bold\" style=\"box-sizing: border-box; font-weight: 700 !important;\">Paperback ‏ : ‎&nbsp;</span><span style=\"box-sizing: border-box;\">490 pages</span></span></li><li style=\"box-sizing: border-box; list-style: none; overflow-wrap: break-word; margin: 0px 0px 5.5px;\"><span class=\"a-list-item\" style=\"box-sizing: border-box;\"><span class=\"a-text-bold\" style=\"box-sizing: border-box; font-weight: 700 !important;\">ISBN-10 ‏ : ‎&nbsp;</span><span style=\"box-sizing: border-box;\">1118008189</span></span></li><li style=\"box-sizing: border-box; list-style: none; overflow-wrap: break-word; margin: 0px 0px 5.5px;\"><span class=\"a-list-item\" style=\"box-sizing: border-box;\"><span class=\"a-text-bold\" style=\"box-sizing: border-box; font-weight: 700 !important;\">ISBN-13 ‏ : ‎&nbsp;</span><span style=\"box-sizing: border-box;\">978-1118008188</span></span></li><li style=\"box-sizing: border-box; list-style: none; overflow-wrap: break-word; margin: 0px 0px 5.5px;\"><span class=\"a-list-item\" style=\"box-sizing: border-box;\"><span class=\"a-text-bold\" style=\"box-sizing: border-box; font-weight: 700 !important;\">Item Weight ‏ : ‎&nbsp;</span><span style=\"box-sizing: border-box;\">2.59 pounds</span></span></li><li style=\"box-sizing: border-box; list-style: none; overflow-wrap: break-word; margin: 0px 0px 5.5px;\"><span class=\"a-list-item\" style=\"box-sizing: border-box;\"><span class=\"a-text-bold\" style=\"box-sizing: border-box; font-weight: 700 !important;\">Dimensions ‏ : ‎&nbsp;</span><span style=\"box-sizing: border-box;\">7.4 x 1.2 x 9.3 inches</span></span></li></ul></div><ul class=\"a-unordered-list a-nostyle a-vertical a-spacing-none detail-bullet-list\" style=\"box-sizing: border-box; margin-bottom: 1px; margin-left: 18px; color: rgb(15, 17, 17); font-family: &quot;Amazon Ember&quot;, Arial, sans-serif; font-size: 14px;\"><li style=\"box-sizing: border-box; list-style: none; overflow-wrap: break-word; margin: 0px 0px 5.5px;\"><span class=\"a-list-item\" style=\"box-sizing: border-box;\"><span class=\"a-text-bold\" style=\"box-sizing: border-box; font-weight: 700 !important;\">Best Sellers Rank:&nbsp;</span>#12,278 in Books (<a href=\"https://www.amazon.com/gp/bestsellers/books/ref=pd_zg_ts_books\" style=\"box-sizing: border-box; color: rgb(0, 113, 133);\">See Top 100 in Books</a>)<ul class=\"a-unordered-list a-nostyle a-vertical zg_hrsr\" style=\"box-sizing: border-box; margin-left: 14px;\"><li style=\"box-sizing: border-box; list-style: none; overflow-wrap: break-word; margin: 0px 0px 5.5px;\"><span class=\"a-list-item\" style=\"box-sizing: border-box;\">#1 in&nbsp;<a href=\"https://www.amazon.com/gp/bestsellers/books/491314/ref=pd_zg_hrsr_books\" style=\"box-sizing: border-box; color: rgb(0, 113, 133);\">Computer Programming Languages</a></span></li><li style=\"box-sizing: border-box; list-style: none; overflow-wrap: break-word; margin: 0px 0px 5.5px;\"><span class=\"a-list-item\" style=\"box-sizing: border-box;\">#1 in&nbsp;<a href=\"https://www.amazon.com/gp/bestsellers/books/379357011/ref=pd_zg_hrsr_books\" style=\"box-sizing: border-box; color: rgb(0, 113, 133);\">CSS Programming</a></span></li><li style=\"box-sizing: border-box; list-style: none; overflow-wrap: break-word; margin: 0px 0px 5.5px;\"><span class=\"a-list-item\" style=\"box-sizing: border-box;\">#2 in&nbsp;<a href=\"https://www.amazon.com/gp/bestsellers/books/3525/ref=pd_zg_hrsr_books\" style=\"box-sizing: border-box; color: rgb(0, 113, 133);\">Web Design (Books)</a></span></li></ul></span></li></ul>', 'html.jpg', 'html.jpg', 'html.jpg', 2, 'In Stock', '2022-11-25 16:09:10', NULL),
(12, 1, 5, 'Batman/Catwoman', 'DC', 11.99, 19.99, '<h1 id=\"title\" class=\"a-spacing-none a-text-normal\" style=\"box-sizing: border-box; padding: 0px; line-height: 36px; color: rgb(15, 17, 17); font-family: &quot;Amazon Ember&quot;, Arial, sans-serif; margin-bottom: 0px !important;\"><div id=\"detailBullets_feature_div\" style=\"box-sizing: border-box; font-size: 14px; font-weight: 400;\"><ul class=\"a-unordered-list a-nostyle a-vertical a-spacing-none detail-bullet-list\" style=\"box-sizing: border-box; margin-bottom: 1px; margin-left: 18px;\"><li style=\"box-sizing: border-box; list-style: none; overflow-wrap: break-word; margin: 0px 0px 5.5px;\"><span class=\"a-list-item\" style=\"box-sizing: border-box;\"><span class=\"a-text-bold\" style=\"box-sizing: border-box; font-weight: 700 !important;\">ublisher ‏ : ‎&nbsp;</span><span style=\"box-sizing: border-box;\">DC Comics (December 20, 2022)</span></span></li><li style=\"box-sizing: border-box; list-style: none; overflow-wrap: break-word; margin: 0px 0px 5.5px;\"><span class=\"a-list-item\" style=\"box-sizing: border-box;\"><span class=\"a-text-bold\" style=\"box-sizing: border-box; font-weight: 700 !important;\">Language ‏ : ‎&nbsp;</span><span style=\"box-sizing: border-box;\">English</span></span></li><li style=\"box-sizing: border-box; list-style: none; overflow-wrap: break-word; margin: 0px 0px 5.5px;\"><span class=\"a-list-item\" style=\"box-sizing: border-box;\"><span class=\"a-text-bold\" style=\"box-sizing: border-box; font-weight: 700 !important;\">Hardcover ‏ : ‎&nbsp;</span><span style=\"box-sizing: border-box;\">272 pages</span></span></li><li style=\"box-sizing: border-box; list-style: none; overflow-wrap: break-word; margin: 0px 0px 5.5px;\"><span class=\"a-list-item\" style=\"box-sizing: border-box;\"><span class=\"a-text-bold\" style=\"box-sizing: border-box; font-weight: 700 !important;\">ISBN-10 ‏ : ‎&nbsp;</span><span style=\"box-sizing: border-box;\">1779517076</span></span></li><li style=\"box-sizing: border-box; list-style: none; overflow-wrap: break-word; margin: 0px 0px 5.5px;\"><span class=\"a-list-item\" style=\"box-sizing: border-box;\"><span class=\"a-text-bold\" style=\"box-sizing: border-box; font-weight: 700 !important;\">ISBN-13 ‏ : ‎&nbsp;</span><span style=\"box-sizing: border-box;\">978-1779517074</span></span></li><li style=\"box-sizing: border-box; list-style: none; overflow-wrap: break-word; margin: 0px 0px 5.5px;\"><span class=\"a-list-item\" style=\"box-sizing: border-box;\"><span class=\"a-text-bold\" style=\"box-sizing: border-box; font-weight: 700 !important;\">Item Weight ‏ : ‎&nbsp;</span><span style=\"box-sizing: border-box;\">0.035 ounces</span></span></li><li style=\"box-sizing: border-box; list-style: none; overflow-wrap: break-word; margin: 0px 0px 5.5px;\"><span class=\"a-list-item\" style=\"box-sizing: border-box;\"><span class=\"a-text-bold\" style=\"box-sizing: border-box; font-weight: 700 !important;\">Dimensions ‏ : ‎&nbsp;</span><span style=\"box-sizing: border-box;\">0.04 x 0.04 x 0.04 inches</span></span></li></ul></div><ul class=\"a-unordered-list a-nostyle a-vertical a-spacing-none detail-bullet-list\" style=\"box-sizing: border-box; margin-bottom: 1px; margin-left: 18px; font-size: 14px; font-weight: 400;\"><li style=\"box-sizing: border-box; list-style: none; overflow-wrap: break-word; margin: 0px 0px 5.5px;\"><span class=\"a-list-item\" style=\"box-sizing: border-box;\"><span class=\"a-text-bold\" style=\"box-sizing: border-box; font-weight: 700 !important;\">Best Sellers Rank:&nbsp;</span>#31,789 in Books (<a href=\"https://www.amazon.com/gp/bestsellers/books/ref=pd_zg_ts_books\" style=\"box-sizing: border-box; color: rgb(0, 113, 133);\">See Top 100 in Books</a>)<ul class=\"a-unordered-list a-nostyle a-vertical zg_hrsr\" style=\"box-sizing: border-box; margin-left: 14px;\"><li style=\"box-sizing: border-box; list-style: none; overflow-wrap: break-word; margin: 0px 0px 5.5px;\"><span class=\"a-list-item\" style=\"box-sizing: border-box;\">#97 in&nbsp;<a href=\"https://www.amazon.com/gp/bestsellers/books/193766/ref=pd_zg_hrsr_books\" style=\"box-sizing: border-box; color: rgb(0, 113, 133);\">DC Comics &amp; Graphic Novels</a></span></li><li style=\"box-sizing: border-box; list-style: none; overflow-wrap: break-word; margin: 0px 0px 5.5px;\"><span class=\"a-list-item\" style=\"box-sizing: border-box;\">#98 in&nbsp;<a href=\"https://www.amazon.com/gp/bestsellers/books/4393/ref=pd_zg_hrsr_books\" style=\"box-sizing: border-box; color: rgb(0, 113, 133);\">Mystery Graphic Novels</a></span></li><li style=\"box-sizing: border-box; list-style: none; overflow-wrap: break-word; margin: 0px 0px 5.5px;\"><span class=\"a-list-item\" style=\"box-sizing: border-box;\">#517 in&nbsp;<a href=\"https://www.amazon.com/gp/bestsellers/books/3825121/ref=pd_zg_hrsr_books\" style=\"box-sizing: border-box; color: rgb(0, 113, 133);\">Superhero Comics &amp; Graphic Novels</a></span></li></ul></span></li></ul></h1>', 'batman.jpg', 'batman.jpg', 'batman.jpg', 0, 'In Stock', '2022-11-26 18:51:39', NULL),
(13, 1, 4, 'C# 11 and .NET 7', 'Mark', 9.99, 19.99, '<div id=\"detailBullets_feature_div\" style=\"box-sizing: border-box; color: rgb(15, 17, 17); font-family: &quot;Amazon Ember&quot;, Arial, sans-serif; font-size: 14px;\"><ul class=\"a-unordered-list a-nostyle a-vertical a-spacing-none detail-bullet-list\" style=\"box-sizing: border-box; margin-bottom: 1px; margin-left: 18px;\"><li style=\"box-sizing: border-box; list-style: none; overflow-wrap: break-word; margin: 0px 0px 5.5px;\"><span class=\"a-list-item\" style=\"box-sizing: border-box;\"><span class=\"a-text-bold\" style=\"box-sizing: border-box; font-weight: 700 !important;\">Publisher ‏ : ‎&nbsp;</span><span style=\"box-sizing: border-box;\">Packt Publishing; 7th ed. edition (November 8, 2022)</span></span></li><li style=\"box-sizing: border-box; list-style: none; overflow-wrap: break-word; margin: 0px 0px 5.5px;\"><span class=\"a-list-item\" style=\"box-sizing: border-box;\"><span class=\"a-text-bold\" style=\"box-sizing: border-box; font-weight: 700 !important;\">Language ‏ : ‎&nbsp;</span><span style=\"box-sizing: border-box;\">English</span></span></li><li style=\"box-sizing: border-box; list-style: none; overflow-wrap: break-word; margin: 0px 0px 5.5px;\"><span class=\"a-list-item\" style=\"box-sizing: border-box;\"><span class=\"a-text-bold\" style=\"box-sizing: border-box; font-weight: 700 !important;\">Paperback ‏ : ‎&nbsp;</span><span style=\"box-sizing: border-box;\">818 pages</span></span></li><li style=\"box-sizing: border-box; list-style: none; overflow-wrap: break-word; margin: 0px 0px 5.5px;\"><span class=\"a-list-item\" style=\"box-sizing: border-box;\"><span class=\"a-text-bold\" style=\"box-sizing: border-box; font-weight: 700 !important;\">ISBN-10 ‏ : ‎&nbsp;</span><span style=\"box-sizing: border-box;\">1803237805</span></span></li><li style=\"box-sizing: border-box; list-style: none; overflow-wrap: break-word; margin: 0px 0px 5.5px;\"><span class=\"a-list-item\" style=\"box-sizing: border-box;\"><span class=\"a-text-bold\" style=\"box-sizing: border-box; font-weight: 700 !important;\">ISBN-13 ‏ : ‎&nbsp;</span><span style=\"box-sizing: border-box;\">978-1803237800</span></span></li><li style=\"box-sizing: border-box; list-style: none; overflow-wrap: break-word; margin: 0px 0px 5.5px;\"><span class=\"a-list-item\" style=\"box-sizing: border-box;\"><span class=\"a-text-bold\" style=\"box-sizing: border-box; font-weight: 700 !important;\">Item Weight ‏ : ‎&nbsp;</span><span style=\"box-sizing: border-box;\">3.04 pounds</span></span></li><li style=\"box-sizing: border-box; list-style: none; overflow-wrap: break-word; margin: 0px 0px 5.5px;\"><span class=\"a-list-item\" style=\"box-sizing: border-box;\"><span class=\"a-text-bold\" style=\"box-sizing: border-box; font-weight: 700 !important;\">Dimensions ‏ : ‎&nbsp;</span><span style=\"box-sizing: border-box;\">7.5 x 1.85 x 9.25 inches</span></span></li></ul></div><ul class=\"a-unordered-list a-nostyle a-vertical a-spacing-none detail-bullet-list\" style=\"box-sizing: border-box; margin-bottom: 1px; margin-left: 18px; color: rgb(15, 17, 17); font-family: &quot;Amazon Ember&quot;, Arial, sans-serif; font-size: 14px;\"><li style=\"box-sizing: border-box; list-style: none; overflow-wrap: break-word; margin: 0px 0px 5.5px;\"><span class=\"a-list-item\" style=\"box-sizing: border-box;\"><span class=\"a-text-bold\" style=\"box-sizing: border-box; font-weight: 700 !important;\">Best Sellers Rank:&nbsp;</span>#42,943 in Books (<a href=\"https://www.amazon.com/gp/bestsellers/books/ref=pd_zg_ts_books\" style=\"box-sizing: border-box; color: rgb(0, 113, 133);\">See Top 100 in Books</a>)<ul class=\"a-unordered-list a-nostyle a-vertical zg_hrsr\" style=\"box-sizing: border-box; margin-left: 14px;\"><li style=\"box-sizing: border-box; list-style: none; overflow-wrap: break-word; margin: 0px 0px 5.5px;\"><span class=\"a-list-item\" style=\"box-sizing: border-box;\">#1 in&nbsp;<a href=\"https://www.amazon.com/gp/bestsellers/books/379360011/ref=pd_zg_hrsr_books\" style=\"box-sizing: border-box; color: rgb(0, 113, 133);\">ASP.NET Programming</a></span></li><li style=\"box-sizing: border-box; list-style: none; overflow-wrap: break-word; margin: 0px 0px 5.5px;\"><span class=\"a-list-item\" style=\"box-sizing: border-box;\">#2 in&nbsp;<a href=\"https://www.amazon.com/gp/bestsellers/books/697342/ref=pd_zg_hrsr_books\" style=\"box-sizing: border-box; color: rgb(0, 113, 133);\">C# Programming (Books)</a></span></li><li style=\"box-sizing: border-box; list-style: none; overflow-wrap: break-word; margin: 0px 0px 5.5px;\"><span class=\"a-list-item\" style=\"box-sizing: border-box;\">#2 in&nbsp;<a href=\"https://www.amazon.com/gp/bestsellers/books/764452/ref=pd_zg_hrsr_books\" style=\"box-sizing: border-box; color: rgb(0, 113, 133);\">Microsoft .NET</a></span></li></ul></span></li></ul>', '.net.jpg', '.net2.jpg', '.net2.jpg', 0, 'In Stock', '2022-11-26 18:58:47', NULL),
(14, 1, 1, 'The Song of the Cell', 'Siddhartha', 13.99, 16.99, '<div id=\"detailBullets_feature_div\" style=\"box-sizing: border-box; color: rgb(15, 17, 17); font-family: &quot;Amazon Ember&quot;, Arial, sans-serif; font-size: 14px;\"><ul class=\"a-unordered-list a-nostyle a-vertical a-spacing-none detail-bullet-list\" style=\"box-sizing: border-box; margin-bottom: 1px; margin-left: 18px;\"><li style=\"box-sizing: border-box; list-style: none; overflow-wrap: break-word; margin: 0px 0px 5.5px;\"><span class=\"a-list-item\" style=\"box-sizing: border-box;\"><span class=\"a-text-bold\" style=\"box-sizing: border-box; font-weight: 700 !important;\">Publisher ‏ : ‎&nbsp;</span><span style=\"box-sizing: border-box;\">Scribner; First Edition (October 25, 2022)</span></span></li><li style=\"box-sizing: border-box; list-style: none; overflow-wrap: break-word; margin: 0px 0px 5.5px;\"><span class=\"a-list-item\" style=\"box-sizing: border-box;\"><span class=\"a-text-bold\" style=\"box-sizing: border-box; font-weight: 700 !important;\">Language ‏ : ‎&nbsp;</span><span style=\"box-sizing: border-box;\">English</span></span></li><li style=\"box-sizing: border-box; list-style: none; overflow-wrap: break-word; margin: 0px 0px 5.5px;\"><span class=\"a-list-item\" style=\"box-sizing: border-box;\"><span class=\"a-text-bold\" style=\"box-sizing: border-box; font-weight: 700 !important;\">Hardcover ‏ : ‎&nbsp;</span><span style=\"box-sizing: border-box;\">496 pages</span></span></li><li style=\"box-sizing: border-box; list-style: none; overflow-wrap: break-word; margin: 0px 0px 5.5px;\"><span class=\"a-list-item\" style=\"box-sizing: border-box;\"><span class=\"a-text-bold\" style=\"box-sizing: border-box; font-weight: 700 !important;\">ISBN-10 ‏ : ‎&nbsp;</span><span style=\"box-sizing: border-box;\">1982117354</span></span></li><li style=\"box-sizing: border-box; list-style: none; overflow-wrap: break-word; margin: 0px 0px 5.5px;\"><span class=\"a-list-item\" style=\"box-sizing: border-box;\"><span class=\"a-text-bold\" style=\"box-sizing: border-box; font-weight: 700 !important;\">ISBN-13 ‏ : ‎&nbsp;</span><span style=\"box-sizing: border-box;\">978-1982117351</span></span></li><li style=\"box-sizing: border-box; list-style: none; overflow-wrap: break-word; margin: 0px 0px 5.5px;\"><span class=\"a-list-item\" style=\"box-sizing: border-box;\"><span class=\"a-text-bold\" style=\"box-sizing: border-box; font-weight: 700 !important;\">Item Weight ‏ : ‎&nbsp;</span><span style=\"box-sizing: border-box;\">1.68 pounds</span></span></li><li style=\"box-sizing: border-box; list-style: none; overflow-wrap: break-word; margin: 0px 0px 5.5px;\"><span class=\"a-list-item\" style=\"box-sizing: border-box;\"><span class=\"a-text-bold\" style=\"box-sizing: border-box; font-weight: 700 !important;\">Dimensions ‏ : ‎&nbsp;</span><span style=\"box-sizing: border-box;\">6 x 1.4 x 9 inches</span></span></li></ul></div><ul class=\"a-unordered-list a-nostyle a-vertical a-spacing-none detail-bullet-list\" style=\"box-sizing: border-box; margin-bottom: 1px; margin-left: 18px; color: rgb(15, 17, 17); font-family: &quot;Amazon Ember&quot;, Arial, sans-serif; font-size: 14px;\"><li style=\"box-sizing: border-box; list-style: none; overflow-wrap: break-word; margin: 0px 0px 5.5px;\"><span class=\"a-list-item\" style=\"box-sizing: border-box;\"><span class=\"a-text-bold\" style=\"box-sizing: border-box; font-weight: 700 !important;\">Best Sellers Rank:&nbsp;</span>#227 in Books (<a href=\"https://www.amazon.com/gp/bestsellers/books/ref=pd_zg_ts_books\" style=\"box-sizing: border-box; color: rgb(0, 113, 133);\">See Top 100 in Books</a>)<ul class=\"a-unordered-list a-nostyle a-vertical zg_hrsr\" style=\"box-sizing: border-box; margin-left: 14px;\"><li style=\"box-sizing: border-box; list-style: none; overflow-wrap: break-word; margin: 0px 0px 5.5px;\"><span class=\"a-list-item\" style=\"box-sizing: border-box;\">#1 in&nbsp;<a href=\"https://www.amazon.com/gp/bestsellers/books/15812171/ref=pd_zg_hrsr_books\" style=\"box-sizing: border-box; color: rgb(0, 113, 133);\">History of Civilization &amp; Culture</a></span></li><li style=\"box-sizing: border-box; list-style: none; overflow-wrap: break-word; margin: 0px 0px 5.5px;\"><span class=\"a-list-item\" style=\"box-sizing: border-box;\">#1 in&nbsp;<a href=\"https://www.amazon.com/gp/bestsellers/books/3559244011/ref=pd_zg_hrsr_books\" style=\"box-sizing: border-box; color: rgb(0, 113, 133);\">History of Medicine (Books)</a></span></li><li style=\"box-sizing: border-box; list-style: none; overflow-wrap: break-word; margin: 0px 0px 5.5px;\"><span class=\"a-list-item\" style=\"box-sizing: border-box;\">#1 in&nbsp;<a href=\"https://www.amazon.com/gp/bestsellers/books/13524/ref=pd_zg_hrsr_books\" style=\"box-sizing: border-box; color: rgb(0, 113, 133);\">Cell Biology (Books)</a></span></li></ul></span></li></ul>', 'The-Song-of-the-Cell.jpg', 'The-Song-of-the-Cell-2.jpg', 'The-Song-of-the-Cell-2.jpg', 3, 'In Stock', '2022-12-08 17:55:02', NULL),
(15, 1, 2, 'Photography Birds', 'Gerrit Vyn', 8.99, 11.99, '<div id=\"detailBullets_feature_div\" style=\"box-sizing: border-box; color: rgb(15, 17, 17); font-family: &quot;Amazon Ember&quot;, Arial, sans-serif; font-size: 14px;\"><ul class=\"a-unordered-list a-nostyle a-vertical a-spacing-none detail-bullet-list\" style=\"box-sizing: border-box; margin-bottom: 1px; margin-left: 18px;\"><li style=\"box-sizing: border-box; list-style: none; overflow-wrap: break-word; margin: 0px 0px 5.5px;\"><span class=\"a-list-item\" style=\"box-sizing: border-box;\"><span class=\"a-text-bold\" style=\"box-sizing: border-box; font-weight: 700 !important;\">Publisher ‏ : ‎&nbsp;</span><span style=\"box-sizing: border-box;\">Mountaineers Books; 1st edition (April 1, 2020)</span></span></li><li style=\"box-sizing: border-box; list-style: none; overflow-wrap: break-word; margin: 0px 0px 5.5px;\"><span class=\"a-list-item\" style=\"box-sizing: border-box;\"><span class=\"a-text-bold\" style=\"box-sizing: border-box; font-weight: 700 !important;\">Language ‏ : ‎&nbsp;</span><span style=\"box-sizing: border-box;\">English</span></span></li><li style=\"box-sizing: border-box; list-style: none; overflow-wrap: break-word; margin: 0px 0px 5.5px;\"><span class=\"a-list-item\" style=\"box-sizing: border-box;\"><span class=\"a-text-bold\" style=\"box-sizing: border-box; font-weight: 700 !important;\">Paperback ‏ : ‎&nbsp;</span><span style=\"box-sizing: border-box;\">256 pages</span></span></li><li style=\"box-sizing: border-box; list-style: none; overflow-wrap: break-word; margin: 0px 0px 5.5px;\"><span class=\"a-list-item\" style=\"box-sizing: border-box;\"><span class=\"a-text-bold\" style=\"box-sizing: border-box; font-weight: 700 !important;\">ISBN-10 ‏ : ‎&nbsp;</span><span style=\"box-sizing: border-box;\">1680510991</span></span></li><li style=\"box-sizing: border-box; list-style: none; overflow-wrap: break-word; margin: 0px 0px 5.5px;\"><span class=\"a-list-item\" style=\"box-sizing: border-box;\"><span class=\"a-text-bold\" style=\"box-sizing: border-box; font-weight: 700 !important;\">ISBN-13 ‏ : ‎&nbsp;</span><span style=\"box-sizing: border-box;\">978-1680510997</span></span></li><li style=\"box-sizing: border-box; list-style: none; overflow-wrap: break-word; margin: 0px 0px 5.5px;\"><span class=\"a-list-item\" style=\"box-sizing: border-box;\"><span class=\"a-text-bold\" style=\"box-sizing: border-box; font-weight: 700 !important;\">Item Weight ‏ : ‎&nbsp;</span><span style=\"box-sizing: border-box;\">1.15 pounds</span></span></li><li style=\"box-sizing: border-box; list-style: none; overflow-wrap: break-word; margin: 0px 0px 5.5px;\"><span class=\"a-list-item\" style=\"box-sizing: border-box;\"><span class=\"a-text-bold\" style=\"box-sizing: border-box; font-weight: 700 !important;\">Dimensions ‏ : ‎&nbsp;</span><span style=\"box-sizing: border-box;\">6 x 0.6 x 9 inches</span></span></li></ul></div><ul class=\"a-unordered-list a-nostyle a-vertical a-spacing-none detail-bullet-list\" style=\"box-sizing: border-box; margin-bottom: 1px; margin-left: 18px; color: rgb(15, 17, 17); font-family: &quot;Amazon Ember&quot;, Arial, sans-serif; font-size: 14px;\"><li style=\"box-sizing: border-box; list-style: none; overflow-wrap: break-word; margin: 0px 0px 5.5px;\"><span class=\"a-list-item\" style=\"box-sizing: border-box;\"><span class=\"a-text-bold\" style=\"box-sizing: border-box; font-weight: 700 !important;\">Best Sellers Rank:&nbsp;</span>#107,075 in Books (<a href=\"https://www.amazon.com/gp/bestsellers/books/ref=pd_zg_ts_books\" style=\"box-sizing: border-box; color: rgb(0, 113, 133);\">See Top 100 in Books</a>)<ul class=\"a-unordered-list a-nostyle a-vertical zg_hrsr\" style=\"box-sizing: border-box; margin-left: 14px;\"><li style=\"box-sizing: border-box; list-style: none; overflow-wrap: break-word; margin: 0px 0px 5.5px;\"><span class=\"a-list-item\" style=\"box-sizing: border-box;\">#70 in&nbsp;<a href=\"https://www.amazon.com/gp/bestsellers/books/2024/ref=pd_zg_hrsr_books\" style=\"box-sizing: border-box; color: rgb(0, 113, 133);\">Photography Collections &amp; Exhibitions (Books)</a></span></li><li style=\"box-sizing: border-box; list-style: none; overflow-wrap: break-word; margin: 0px 0px 5.5px;\"><span class=\"a-list-item\" style=\"box-sizing: border-box;\">#149 in&nbsp;<a href=\"https://www.amazon.com/gp/bestsellers/books/505092/ref=pd_zg_hrsr_books\" style=\"box-sizing: border-box; color: rgb(0, 113, 133);\">Photograpy Equipment &amp; Techniques</a></span></li><li style=\"box-sizing: border-box; list-style: none; overflow-wrap: break-word; margin: 0px 0px 5.5px;\"><span class=\"a-list-item\" style=\"box-sizing: border-box;\">#175 in&nbsp;<a href=\"https://www.amazon.com/gp/bestsellers/books/8298057011/ref=pd_zg_hrsr_books\" style=\"box-sizing: border-box; color: rgb(0, 113, 133);\">Plant &amp; Animal Photography</a></span></li></ul></span></li></ul>', 'Birds1.jpg', 'Birds1.jpg', 'Birds1.jpg', 3, 'In Stock', '2022-12-08 18:01:04', NULL),
(16, 1, 5, 'Marvel Encyclopedia', 'Stephen Wiacek', 9.00, 20.00, '<div id=\"detailBullets_feature_div\" style=\"box-sizing: border-box; color: rgb(15, 17, 17); font-family: &quot;Amazon Ember&quot;, Arial, sans-serif; font-size: 14px;\"><ul class=\"a-unordered-list a-nostyle a-vertical a-spacing-none detail-bullet-list\" style=\"box-sizing: border-box; margin-bottom: 1px; margin-left: 18px;\"><li style=\"box-sizing: border-box; list-style: none; overflow-wrap: break-word; margin: 0px 0px 5.5px;\"><span class=\"a-list-item\" style=\"box-sizing: border-box;\"><span class=\"a-text-bold\" style=\"box-sizing: border-box; font-weight: 700 !important;\">Publisher ‏ : ‎&nbsp;</span><span style=\"box-sizing: border-box;\">DK; New edition (April 2, 2019)</span></span></li><li style=\"box-sizing: border-box; list-style: none; overflow-wrap: break-word; margin: 0px 0px 5.5px;\"><span class=\"a-list-item\" style=\"box-sizing: border-box;\"><span class=\"a-text-bold\" style=\"box-sizing: border-box; font-weight: 700 !important;\">Language ‏ : ‎&nbsp;</span><span style=\"box-sizing: border-box;\">English</span></span></li><li style=\"box-sizing: border-box; list-style: none; overflow-wrap: break-word; margin: 0px 0px 5.5px;\"><span class=\"a-list-item\" style=\"box-sizing: border-box;\"><span class=\"a-text-bold\" style=\"box-sizing: border-box; font-weight: 700 !important;\">Hardcover ‏ : ‎&nbsp;</span><span style=\"box-sizing: border-box;\">448 pages</span></span></li><li style=\"box-sizing: border-box; list-style: none; overflow-wrap: break-word; margin: 0px 0px 5.5px;\"><span class=\"a-list-item\" style=\"box-sizing: border-box;\"><span class=\"a-text-bold\" style=\"box-sizing: border-box; font-weight: 700 !important;\">ISBN-10 ‏ : ‎&nbsp;</span><span style=\"box-sizing: border-box;\">1465478906</span></span></li><li style=\"box-sizing: border-box; list-style: none; overflow-wrap: break-word; margin: 0px 0px 5.5px;\"><span class=\"a-list-item\" style=\"box-sizing: border-box;\"><span class=\"a-text-bold\" style=\"box-sizing: border-box; font-weight: 700 !important;\">ISBN-13 ‏ : ‎&nbsp;</span><span style=\"box-sizing: border-box;\">978-1465478900</span></span></li><li style=\"box-sizing: border-box; list-style: none; overflow-wrap: break-word; margin: 0px 0px 5.5px;\"><span class=\"a-list-item\" style=\"box-sizing: border-box;\"><span class=\"a-text-bold\" style=\"box-sizing: border-box; font-weight: 700 !important;\">Item Weight ‏ : ‎&nbsp;</span><span style=\"box-sizing: border-box;\">5.8 pounds</span></span></li><li style=\"box-sizing: border-box; list-style: none; overflow-wrap: break-word; margin: 0px 0px 5.5px;\"><span class=\"a-list-item\" style=\"box-sizing: border-box;\"><span class=\"a-text-bold\" style=\"box-sizing: border-box; font-weight: 700 !important;\">Dimensions ‏ : ‎&nbsp;</span><span style=\"box-sizing: border-box;\">10.25 x 1.35 x 12.13 inches</span></span></li></ul></div><ul class=\"a-unordered-list a-nostyle a-vertical a-spacing-none detail-bullet-list\" style=\"box-sizing: border-box; margin-bottom: 1px; margin-left: 18px; color: rgb(15, 17, 17); font-family: &quot;Amazon Ember&quot;, Arial, sans-serif; font-size: 14px;\"><li style=\"box-sizing: border-box; list-style: none; overflow-wrap: break-word; margin: 0px 0px 5.5px;\"><span class=\"a-list-item\" style=\"box-sizing: border-box;\"><span class=\"a-text-bold\" style=\"box-sizing: border-box; font-weight: 700 !important;\">Best Sellers Rank:&nbsp;</span>#1,244 in Books (<a href=\"https://www.amazon.com/gp/bestsellers/books/ref=pd_zg_ts_books\" style=\"box-sizing: border-box; color: rgb(0, 113, 133);\">See Top 100 in Books</a>)<ul class=\"a-unordered-list a-nostyle a-vertical zg_hrsr\" style=\"box-sizing: border-box; margin-left: 14px;\"><li style=\"box-sizing: border-box; list-style: none; overflow-wrap: break-word; margin: 0px 0px 5.5px;\"><span class=\"a-list-item\" style=\"box-sizing: border-box;\">#1 in&nbsp;<a href=\"https://www.amazon.com/gp/bestsellers/books/7422605011/ref=pd_zg_hrsr_books\" style=\"box-sizing: border-box; color: rgb(0, 113, 133);\">Historical &amp; Biographical Fiction Graphic Novels</a></span></li><li style=\"box-sizing: border-box; list-style: none; overflow-wrap: break-word; margin: 0px 0px 5.5px;\"><span class=\"a-list-item\" style=\"box-sizing: border-box;\">#1 in&nbsp;<a href=\"https://www.amazon.com/gp/bestsellers/books/11739/ref=pd_zg_hrsr_books\" style=\"box-sizing: border-box; color: rgb(0, 113, 133);\">Literature Encyclopedias</a></span></li><li style=\"box-sizing: border-box; list-style: none; overflow-wrap: break-word; margin: 0px 0px 5.5px;\"><span class=\"a-list-item\" style=\"box-sizing: border-box;\">#4 in&nbsp;<a href=\"https://www.amazon.com/gp/bestsellers/books/3825121/ref=pd_zg_hrsr_books\" style=\"box-sizing: border-box; color: rgb(0, 113, 133);\">Superhero Comics &amp; Graphic Novels</a></span></li></ul></span></li></ul>', 'marvel.jpg', 'marvel.jpg', 'marvel.jpg', 2, 'In Stock', '2023-01-04 19:41:23', NULL),
(17, 1, 5, 'Cooking with Deadpool', 'Marc Sumerak', 9.00, 20.00, '<div id=\"detailBullets_feature_div\" style=\"box-sizing: border-box; color: rgb(15, 17, 17); font-family: &quot;Amazon Ember&quot;, Arial, sans-serif; font-size: 14px;\"><ul class=\"a-unordered-list a-nostyle a-vertical a-spacing-none detail-bullet-list\" style=\"box-sizing: border-box; margin-bottom: 1px; margin-left: 18px;\"><li style=\"box-sizing: border-box; list-style: none; overflow-wrap: break-word; margin: 0px 0px 5.5px;\"><span class=\"a-list-item\" style=\"box-sizing: border-box;\"><span class=\"a-text-bold\" style=\"box-sizing: border-box; font-weight: 700 !important;\">Publisher ‏ : ‎&nbsp;</span><span style=\"box-sizing: border-box;\">Insight Editions; Illustrated edition (February 2, 2021)</span></span></li><li style=\"box-sizing: border-box; list-style: none; overflow-wrap: break-word; margin: 0px 0px 5.5px;\"><span class=\"a-list-item\" style=\"box-sizing: border-box;\"><span class=\"a-text-bold\" style=\"box-sizing: border-box; font-weight: 700 !important;\">Language ‏ : ‎&nbsp;</span><span style=\"box-sizing: border-box;\">English</span></span></li><li style=\"box-sizing: border-box; list-style: none; overflow-wrap: break-word; margin: 0px 0px 5.5px;\"><span class=\"a-list-item\" style=\"box-sizing: border-box;\"><span class=\"a-text-bold\" style=\"box-sizing: border-box; font-weight: 700 !important;\">Hardcover ‏ : ‎&nbsp;</span><span style=\"box-sizing: border-box;\">144 pages</span></span></li><li style=\"box-sizing: border-box; list-style: none; overflow-wrap: break-word; margin: 0px 0px 5.5px;\"><span class=\"a-list-item\" style=\"box-sizing: border-box;\"><span class=\"a-text-bold\" style=\"box-sizing: border-box; font-weight: 700 !important;\">ISBN-10 ‏ : ‎&nbsp;</span><span style=\"box-sizing: border-box;\">1683838440</span></span></li><li style=\"box-sizing: border-box; list-style: none; overflow-wrap: break-word; margin: 0px 0px 5.5px;\"><span class=\"a-list-item\" style=\"box-sizing: border-box;\"><span class=\"a-text-bold\" style=\"box-sizing: border-box; font-weight: 700 !important;\">ISBN-13 ‏ : ‎&nbsp;</span><span style=\"box-sizing: border-box;\">978-1683838449</span></span></li><li style=\"box-sizing: border-box; list-style: none; overflow-wrap: break-word; margin: 0px 0px 5.5px;\"><span class=\"a-list-item\" style=\"box-sizing: border-box;\"><span class=\"a-text-bold\" style=\"box-sizing: border-box; font-weight: 700 !important;\">Item Weight ‏ : ‎&nbsp;</span><span style=\"box-sizing: border-box;\">1.95 pounds</span></span></li><li style=\"box-sizing: border-box; list-style: none; overflow-wrap: break-word; margin: 0px 0px 5.5px;\"><span class=\"a-list-item\" style=\"box-sizing: border-box;\"><span class=\"a-text-bold\" style=\"box-sizing: border-box; font-weight: 700 !important;\">Dimensions ‏ : ‎&nbsp;</span><span style=\"box-sizing: border-box;\">8 x 0.7 x 10 inches</span></span></li></ul></div><ul class=\"a-unordered-list a-nostyle a-vertical a-spacing-none detail-bullet-list\" style=\"box-sizing: border-box; margin-bottom: 1px; margin-left: 18px; color: rgb(15, 17, 17); font-family: &quot;Amazon Ember&quot;, Arial, sans-serif; font-size: 14px;\"><li style=\"box-sizing: border-box; list-style: none; overflow-wrap: break-word; margin: 0px 0px 5.5px;\"><span class=\"a-list-item\" style=\"box-sizing: border-box;\"><span class=\"a-text-bold\" style=\"box-sizing: border-box; font-weight: 700 !important;\">Best Sellers Rank:&nbsp;</span>#17,303 in Books (<a href=\"https://www.amazon.com/gp/bestsellers/books/ref=pd_zg_ts_books\" style=\"box-sizing: border-box; color: rgb(0, 113, 133);\">See Top 100 in Books</a>)<ul class=\"a-unordered-list a-nostyle a-vertical zg_hrsr\" style=\"box-sizing: border-box; margin-left: 14px;\"><li style=\"box-sizing: border-box; list-style: none; overflow-wrap: break-word; margin: 0px 0px 5.5px;\"><span class=\"a-list-item\" style=\"box-sizing: border-box;\">#8 in&nbsp;<a href=\"https://www.amazon.com/gp/bestsellers/books/4462/ref=pd_zg_hrsr_books\" style=\"box-sizing: border-box; color: rgb(0, 113, 133);\">Cooking Humor</a></span></li><li style=\"box-sizing: border-box; list-style: none; overflow-wrap: break-word; margin: 0px 0px 5.5px;\"><span class=\"a-list-item\" style=\"box-sizing: border-box;\">#156 in&nbsp;<a href=\"https://www.amazon.com/gp/bestsellers/books/3825121/ref=pd_zg_hrsr_books\" style=\"box-sizing: border-box; color: rgb(0, 113, 133);\">Superhero Comics &amp; Graphic Novels</a></span></li><li style=\"box-sizing: border-box; list-style: none; overflow-wrap: break-word; margin: 0px 0px 5.5px;\"><span class=\"a-list-item\" style=\"box-sizing: border-box;\">#191 in&nbsp;<a href=\"https://www.amazon.com/gp/bestsellers/books/7661753011/ref=pd_zg_hrsr_books\" style=\"box-sizing: border-box; color: rgb(0, 113, 133);\">Celebrity &amp; TV Show Cookbooks</a></span></li></ul></span></li></ul>', 'deapoll_1.jpg', 'deapool_2.jpg', 'deapool_3.jpg', 2, 'In Stock', '2023-01-04 19:49:58', NULL),
(18, 3, 30, 'Five Star Spiral Notebook', 'Five Star', 8.00, 15.00, '<table class=\"MsoNormalTable\" border=\"0\" cellspacing=\"0\" cellpadding=\"0\" width=\"667\" style=\"width: 500.2pt; background: white;\">\r\n <tbody><tr>\r\n  <td width=\"160\" valign=\"top\" style=\"width:119.8pt;padding:0cm 2.25pt 2.25pt 0cm\">\r\n  <p class=\"MsoNormal\" align=\"left\" style=\"margin: 0cm 0cm 6pt; text-indent: 0cm; line-height: normal;\"><b><span style=\"font-size:10.5pt;font-family:&quot;Arial&quot;,sans-serif;\r\n  mso-fareast-font-family:&quot;Times New Roman&quot;;color:#0F1111\">Brand</span></b><span style=\"font-size:10.5pt;font-family:&quot;Arial&quot;,sans-serif;mso-fareast-font-family:\r\n  &quot;Times New Roman&quot;;color:#0F1111\"><o:p></o:p></span></p>\r\n  </td>\r\n  <td width=\"507\" valign=\"top\" style=\"width:380.4pt;padding:0cm 0cm 2.25pt 2.25pt\">\r\n  <p class=\"MsoNormal\" align=\"left\" style=\"margin: 0cm 0cm 6pt; text-indent: 0cm; line-height: normal;\"><span style=\"font-size:10.5pt;font-family:&quot;Arial&quot;,sans-serif;\r\n  mso-fareast-font-family:&quot;Times New Roman&quot;;color:#0F1111\">Five Star<o:p></o:p></span></p>\r\n  </td>\r\n </tr>\r\n <tr>\r\n  <td width=\"160\" valign=\"top\" style=\"width:119.8pt;padding:2.25pt 2.25pt 2.25pt 0cm\">\r\n  <p class=\"MsoNormal\" align=\"left\" style=\"margin: 0cm 0cm 6pt; text-indent: 0cm; line-height: normal;\"><b><span style=\"font-size:10.5pt;font-family:&quot;Arial&quot;,sans-serif;\r\n  mso-fareast-font-family:&quot;Times New Roman&quot;;color:#0F1111\">Color</span></b><span style=\"font-size:10.5pt;font-family:&quot;Arial&quot;,sans-serif;mso-fareast-font-family:\r\n  &quot;Times New Roman&quot;;color:#0F1111\"><o:p></o:p></span></p>\r\n  </td>\r\n  <td width=\"507\" valign=\"top\" style=\"width:380.4pt;padding:2.25pt 0cm 2.25pt 2.25pt\">\r\n  <p class=\"MsoNormal\" align=\"left\" style=\"margin: 0cm 0cm 6pt; text-indent: 0cm; line-height: normal;\"><span style=\"font-size:10.5pt;font-family:&quot;Arial&quot;,sans-serif;\r\n  mso-fareast-font-family:&quot;Times New Roman&quot;;color:#0F1111\">Black<o:p></o:p></span></p>\r\n  </td>\r\n </tr>\r\n <tr>\r\n  <td width=\"160\" valign=\"top\" style=\"width:119.8pt;padding:2.25pt 2.25pt 2.25pt 0cm\">\r\n  <p class=\"MsoNormal\" align=\"left\" style=\"margin: 0cm 0cm 6pt; text-indent: 0cm; line-height: normal;\"><b><span style=\"font-size:10.5pt;font-family:&quot;Arial&quot;,sans-serif;\r\n  mso-fareast-font-family:&quot;Times New Roman&quot;;color:#0F1111\">Theme</span></b><span style=\"font-size:10.5pt;font-family:&quot;Arial&quot;,sans-serif;mso-fareast-font-family:\r\n  &quot;Times New Roman&quot;;color:#0F1111\"><o:p></o:p></span></p>\r\n  </td>\r\n  <td width=\"507\" valign=\"top\" style=\"width:380.4pt;padding:2.25pt 0cm 2.25pt 2.25pt\">\r\n  <p class=\"MsoNormal\" align=\"left\" style=\"margin: 0cm 0cm 6pt; text-indent: 0cm; line-height: normal;\"><span style=\"font-size:10.5pt;font-family:&quot;Arial&quot;,sans-serif;\r\n  mso-fareast-font-family:&quot;Times New Roman&quot;;color:#0F1111\">Book<o:p></o:p></span></p>\r\n  </td>\r\n </tr>\r\n <tr>\r\n  <td width=\"160\" valign=\"top\" style=\"width:119.8pt;padding:2.25pt 2.25pt 2.25pt 0cm\">\r\n  <p class=\"MsoNormal\" align=\"left\" style=\"margin: 0cm 0cm 6pt; text-indent: 0cm; line-height: normal;\"><b><span style=\"font-size:10.5pt;font-family:&quot;Arial&quot;,sans-serif;\r\n  mso-fareast-font-family:&quot;Times New Roman&quot;;color:#0F1111\">Sheet Size</span></b><span style=\"font-size:10.5pt;font-family:&quot;Arial&quot;,sans-serif;mso-fareast-font-family:\r\n  &quot;Times New Roman&quot;;color:#0F1111\"><o:p></o:p></span></p>\r\n  </td>\r\n  <td width=\"507\" valign=\"top\" style=\"width:380.4pt;padding:2.25pt 0cm 2.25pt 2.25pt\">\r\n  <p class=\"MsoNormal\" align=\"left\" style=\"margin: 0cm 0cm 6pt; text-indent: 0cm; line-height: normal;\"><span style=\"font-size:10.5pt;font-family:&quot;Arial&quot;,sans-serif;\r\n  mso-fareast-font-family:&quot;Times New Roman&quot;;color:#0F1111\">8 1/2 X 11<o:p></o:p></span></p>\r\n  </td>\r\n </tr>\r\n <tr>\r\n  <td width=\"160\" valign=\"top\" style=\"width:119.8pt;padding:2.25pt 2.25pt 2.25pt 0cm\">\r\n  <p class=\"MsoNormal\" align=\"left\" style=\"margin: 0cm 0cm 6pt; text-indent: 0cm; line-height: normal;\"><b><span style=\"font-size:10.5pt;font-family:&quot;Arial&quot;,sans-serif;\r\n  mso-fareast-font-family:&quot;Times New Roman&quot;;color:#0F1111\">Ruling Type</span></b><span style=\"font-size:10.5pt;font-family:&quot;Arial&quot;,sans-serif;mso-fareast-font-family:\r\n  &quot;Times New Roman&quot;;color:#0F1111\"><o:p></o:p></span></p>\r\n  </td>\r\n  <td width=\"507\" valign=\"top\" style=\"width:380.4pt;padding:2.25pt 0cm 2.25pt 2.25pt\">\r\n  <p class=\"MsoNormal\" align=\"left\" style=\"margin: 0cm 0cm 6pt; text-indent: 0cm; line-height: normal;\"><span style=\"font-size:10.5pt;font-family:&quot;Arial&quot;,sans-serif;\r\n  mso-fareast-font-family:&quot;Times New Roman&quot;;color:#0F1111\">College<o:p></o:p></span></p>\r\n  </td>\r\n </tr>\r\n <tr>\r\n  <td width=\"160\" valign=\"top\" style=\"width:119.8pt;padding:2.25pt 2.25pt 2.25pt 0cm\">\r\n  <p class=\"MsoNormal\" align=\"left\" style=\"margin: 0cm 0cm 6pt; text-indent: 0cm; line-height: normal;\"><b><span style=\"font-size:10.5pt;font-family:&quot;Arial&quot;,sans-serif;\r\n  mso-fareast-font-family:&quot;Times New Roman&quot;;color:#0F1111\">Special Feature</span></b><span style=\"font-size:10.5pt;font-family:&quot;Arial&quot;,sans-serif;mso-fareast-font-family:\r\n  &quot;Times New Roman&quot;;color:#0F1111\"><o:p></o:p></span></p>\r\n  </td>\r\n  <td width=\"507\" valign=\"top\" style=\"width:380.4pt;padding:2.25pt 0cm 2.25pt 2.25pt\">\r\n  <p class=\"MsoNormal\" align=\"left\" style=\"margin: 0cm 0cm 6pt; text-indent: 0cm; line-height: normal;\"><span style=\"font-size:10.5pt;font-family:&quot;Arial&quot;,sans-serif;\r\n  mso-fareast-font-family:&quot;Times New Roman&quot;;color:#0F1111\">Soft Cover<o:p></o:p></span></p>\r\n  </td>\r\n </tr>\r\n <tr>\r\n  <td width=\"160\" valign=\"top\" style=\"width:119.8pt;padding:2.25pt 2.25pt 2.25pt 0cm\">\r\n  <p class=\"MsoNormal\" align=\"left\" style=\"margin: 0cm 0cm 6pt; text-indent: 0cm; line-height: normal;\"><b><span style=\"font-size:10.5pt;font-family:&quot;Arial&quot;,sans-serif;\r\n  mso-fareast-font-family:&quot;Times New Roman&quot;;color:#0F1111\">Number of Items</span></b><span style=\"font-size:10.5pt;font-family:&quot;Arial&quot;,sans-serif;mso-fareast-font-family:\r\n  &quot;Times New Roman&quot;;color:#0F1111\"><o:p></o:p></span></p>\r\n  </td>\r\n  <td width=\"507\" valign=\"top\" style=\"width:380.4pt;padding:2.25pt 0cm 2.25pt 2.25pt\">\r\n  <p class=\"MsoNormal\" align=\"left\" style=\"margin: 0cm 0cm 6pt; text-indent: 0cm; line-height: normal;\"><span style=\"font-size:10.5pt;font-family:&quot;Arial&quot;,sans-serif;\r\n  mso-fareast-font-family:&quot;Times New Roman&quot;;color:#0F1111\">1<o:p></o:p></span></p>\r\n  </td>\r\n </tr>\r\n <tr>\r\n  <td width=\"160\" valign=\"top\" style=\"width:119.8pt;padding:2.25pt 2.25pt 0cm 0cm\">\r\n  <p class=\"MsoNormal\" align=\"left\" style=\"margin: 0cm 0cm 6pt; text-indent: 0cm; line-height: normal;\"><b><span style=\"font-size:10.5pt;font-family:&quot;Arial&quot;,sans-serif;\r\n  mso-fareast-font-family:&quot;Times New Roman&quot;;color:#0F1111\">Binding</span></b><span style=\"font-size:10.5pt;font-family:&quot;Arial&quot;,sans-serif;mso-fareast-font-family:\r\n  &quot;Times New Roman&quot;;color:#0F1111\"><o:p></o:p></span></p>\r\n  </td>\r\n  <td width=\"507\" valign=\"top\" style=\"width:380.4pt;padding:2.25pt 0cm 0cm 2.25pt\">\r\n  <p class=\"MsoNormal\" align=\"left\" style=\"margin: 0cm 0cm 6pt; text-indent: 0cm; line-height: normal;\"><span style=\"font-size:10.5pt;font-family:&quot;Arial&quot;,sans-serif;\r\n  mso-fareast-font-family:&quot;Times New Roman&quot;;color:#0F1111\">Office Product<o:p></o:p></span></p>\r\n  </td>\r\n </tr>\r\n</tbody></table>', 'notebook_1.jpg', 'notebook_2.jpg', 'notebook_3.jpg', 2, 'In Stock', '2023-01-05 19:17:28', NULL);

-- --------------------------------------------------------

--
-- Cấu trúc bảng cho bảng `subcategory`
--

CREATE TABLE `subcategory` (
  `id` int(11) NOT NULL,
  `categoryid` int(11) DEFAULT NULL,
  `subcategory` varchar(255) DEFAULT NULL,
  `creationDate` timestamp NULL DEFAULT current_timestamp(),
  `updationDate` varchar(255) DEFAULT NULL
) ENGINE=InnoDB DEFAULT CHARSET=utf8mb4 COLLATE=utf8mb4_general_ci;

--
-- Đang đổ dữ liệu cho bảng `subcategory`
--

INSERT INTO `subcategory` (`id`, `categoryid`, `subcategory`, `creationDate`, `updationDate`) VALUES
(1, 1, 'Science Book', '2022-11-06 04:47:54', NULL),
(2, 1, 'Arts & Photography', '2022-11-06 04:50:27', NULL),
(3, 1, 'Business & Money', '2022-11-06 04:50:35', NULL),
(4, 1, 'IT', '2022-11-06 04:50:53', '08-12-2022 07:19:43 PM'),
(5, 1, 'Comics', '2022-11-06 04:51:04', '08-12-2022 07:13:26 PM'),
(6, 1, 'Education', '2022-11-06 04:51:28', '08-12-2022 07:15:15 PM'),
(7, 1, 'Classics', '2022-11-06 04:51:36', '08-12-2022 07:17:18 PM'),
(8, 1, 'Action & Adventure', '2022-11-06 04:51:48', '08-12-2022 07:16:48 PM'),
(9, 1, 'Medical Books', '2022-11-06 04:51:57', NULL),
(26, 2, 'Personalized', '2022-12-09 10:33:36', NULL),
(27, 2, 'Soft Cover', '2022-12-09 10:33:49', NULL),
(29, 3, 'Education & Teaching', '2023-01-05 19:10:25', NULL),
(30, 3, 'Spiral Notebooks', '2023-01-05 19:14:34', NULL);

-- --------------------------------------------------------

--
-- Cấu trúc bảng cho bảng `tbl_momo`
--

CREATE TABLE `tbl_momo` (
  `id_momo` int(11) NOT NULL,
  `partner_Code` varchar(50) NOT NULL,
  `order_Id` int(11) NOT NULL,
  `amount` varchar(50) NOT NULL,
  `order_Info` varchar(100) NOT NULL,
  `order_Type` varchar(50) NOT NULL,
  `trans_Id` int(11) NOT NULL,
  `pay_Type` varchar(50) NOT NULL,
  `code_Cart` varchar(50) NOT NULL
) ENGINE=InnoDB DEFAULT CHARSET=utf8mb4 COLLATE=utf8mb4_general_ci;

--
-- Đang đổ dữ liệu cho bảng `tbl_momo`
--

INSERT INTO `tbl_momo` (`id_momo`, `partner_Code`, `order_Id`, `amount`, `order_Info`, `order_Type`, `trans_Id`, `pay_Type`, `code_Cart`) VALUES
(1, 'MOMOBKUN20180529', 1672908739, '276000', 'Thanh toán qua mã QR MoMo', 'momo_wallet', 2147483647, 'qr', '2451');

-- --------------------------------------------------------

--
-- Cấu trúc bảng cho bảng `userlog`
--

CREATE TABLE `userlog` (
  `id` int(11) NOT NULL,
  `userEmail` varchar(255) DEFAULT NULL,
  `userip` binary(16) DEFAULT NULL,
  `loginTime` timestamp NULL DEFAULT current_timestamp(),
  `logout` varchar(255) DEFAULT NULL,
  `status` int(11) DEFAULT NULL
) ENGINE=InnoDB DEFAULT CHARSET=utf8mb4 COLLATE=utf8mb4_general_ci;

--
-- Đang đổ dữ liệu cho bảng `userlog`
--

INSERT INTO `userlog` (`id`, `userEmail`, `userip`, `loginTime`, `logout`, `status`) VALUES
(24, 'long94079@gmail.com', 0x3a3a3100000000000000000000000000, '2022-11-10 05:15:24', NULL, 0),
(25, 'nguyenhoanglong@gmail.com', 0x3a3a3100000000000000000000000000, '2022-11-10 05:15:27', NULL, 0),
(26, 'adminpage@gmail.com', 0x3a3a3100000000000000000000000000, '2022-11-10 05:15:30', NULL, 0),
(27, 'long94079@gmail.com', 0x3a3a3100000000000000000000000000, '2022-11-10 05:17:09', '10-11-2022 10:59:27 AM', 1),
(28, 'long94079@gmail.com', 0x3a3a3100000000000000000000000000, '2022-11-10 05:29:38', NULL, 1),
(29, 'admin@gmail.com', 0x3a3a3100000000000000000000000000, '2022-11-10 12:40:05', NULL, 0),
(30, 'hieu@gmail.com', 0x3a3a3100000000000000000000000000, '2022-11-10 14:31:54', NULL, 1),
(31, 'hieu@gmail.com', 0x3a3a3100000000000000000000000000, '2022-11-15 02:25:13', '15-11-2022 08:02:11 AM', 1),
(32, 'hieu@gmail.com', 0x3a3a3100000000000000000000000000, '2022-11-15 02:32:45', NULL, 1),
(33, 'hieu@gmail.com', 0x3a3a3100000000000000000000000000, '2022-11-22 02:59:51', '22-11-2022 09:09:26 AM', 1),
(34, 'hieu@gmail.com', 0x3a3a3100000000000000000000000000, '2022-11-22 03:39:40', NULL, 1),
(35, 'long94079@gmail.com', 0x3a3a3100000000000000000000000000, '2022-11-22 14:40:14', NULL, 0),
(36, 'long94079@gmail.com', 0x3a3a3100000000000000000000000000, '2022-11-22 14:40:15', NULL, 0),
(37, 'long94079@gmail.com', 0x3a3a3100000000000000000000000000, '2022-11-22 14:40:23', NULL, 0),
(38, 'user1@gmail.com', 0x3a3a3100000000000000000000000000, '2022-11-22 14:40:26', NULL, 0),
(39, 'long94079@gmail.com', 0x3a3a3100000000000000000000000000, '2022-11-22 14:41:07', NULL, 0),
(40, 'long94079@gmail.com', 0x3a3a3100000000000000000000000000, '2022-11-22 14:41:11', NULL, 0),
(41, 'long94079@gmail.com', 0x3a3a3100000000000000000000000000, '2022-11-22 14:41:33', NULL, 1),
(42, 'long94079@gmail.com', 0x3a3a3100000000000000000000000000, '2022-11-23 17:43:42', NULL, 1),
(43, 'long94079@gmail.com', 0x3a3a3100000000000000000000000000, '2022-11-24 07:53:36', NULL, 1),
(44, 'long94079@gmail.com', 0x3a3a3100000000000000000000000000, '2022-11-25 15:40:20', NULL, 1),
(45, 'long94079@gmail.com', 0x3a3a3100000000000000000000000000, '2022-11-26 03:28:44', NULL, 1),
(46, 'long94079@gmail.com', 0x3a3a3100000000000000000000000000, '2022-11-26 15:56:20', NULL, 1),
(47, 'long94079@gmail.com', 0x3a3a3100000000000000000000000000, '2022-11-27 01:40:26', '27-11-2022 07:38:28 AM', 1),
(48, 'long94079@gmail.com', 0x3a3a3100000000000000000000000000, '2022-11-27 02:08:38', '27-11-2022 07:39:52 AM', 1),
(49, 'long94079@gmail.com', 0x3a3a3100000000000000000000000000, '2022-11-27 02:09:59', NULL, 1),
(50, 'long94079@gmail.com', 0x3a3a3100000000000000000000000000, '2022-11-27 09:58:15', NULL, 1),
(51, 'long94079@gmail.com', 0x3a3a3100000000000000000000000000, '2022-11-29 03:57:42', NULL, 1),
(52, 'hieu@gmail.com', 0x3a3a3100000000000000000000000000, '2022-11-30 00:53:04', NULL, 1),
(53, 'hieu@gmail.com', 0x3a3a3100000000000000000000000000, '2022-11-30 01:24:16', NULL, 1),
(54, 'hieu@gmail.com', 0x3a3a3100000000000000000000000000, '2022-12-01 13:34:51', NULL, 1),
(55, 'hieu@gmail.com', 0x3a3a3100000000000000000000000000, '2022-12-08 10:49:35', '08-12-2022 04:46:48 PM', 1),
(56, 'hieu@gmail.com', 0x3a3a3100000000000000000000000000, '2022-12-08 11:20:09', NULL, 0),
(57, 'hieu@gmail.com', 0x3a3a3100000000000000000000000000, '2022-12-08 11:20:17', '08-12-2022 04:51:33 PM', 1),
(58, 'hieu@gmail.com', 0x3a3a3100000000000000000000000000, '2022-12-08 16:55:19', NULL, 1),
(59, 'hieu@gmail.com', 0x3a3a3100000000000000000000000000, '2022-12-09 10:56:28', NULL, 1),
(60, '', 0x3a3a3100000000000000000000000000, '2022-12-19 16:53:58', NULL, 0),
(61, '', 0x3a3a3100000000000000000000000000, '2022-12-19 16:54:08', NULL, 0),
(62, 'user1@gmail.com', 0x3a3a3100000000000000000000000000, '2022-12-19 16:56:12', NULL, 0),
(63, 'h@gmail.com', 0x3a3a3100000000000000000000000000, '2022-12-19 17:00:19', NULL, 0),
(64, 'hieu@gmail.com', 0x3a3a3100000000000000000000000000, '2022-12-19 17:10:16', '20-12-2022 01:29:18 AM', 1),
(65, 'hieu@gmail.com', 0x3a3a3100000000000000000000000000, '2022-12-19 19:59:33', '20-12-2022 01:36:46 AM', 1),
(66, 'hieu@gmail.com', 0x3a3a3100000000000000000000000000, '2022-12-19 20:07:47', NULL, 1),
(67, 'hieu@gmail.com', 0x3a3a3100000000000000000000000000, '2022-12-24 11:53:52', NULL, 0),
(68, 'hieu@gmail.com', 0x3a3a3100000000000000000000000000, '2022-12-24 11:53:58', NULL, 1),
(69, 'hieu@gmail.com', 0x3a3a3100000000000000000000000000, '2023-01-04 19:24:57', NULL, 1),
(70, 'hieu@gmail.com', 0x3a3a3100000000000000000000000000, '2023-01-04 19:27:43', NULL, 1),
(71, 'hieu@gmail.com', 0x3a3a3100000000000000000000000000, '2023-01-04 19:51:28', NULL, 1),
(72, 'hieu@gmail.com', 0x3a3a3100000000000000000000000000, '2023-01-05 01:42:07', '05-01-2023 07:47:47 AM', 1),
(73, 'su@gmail.com', 0x3a3a3100000000000000000000000000, '2023-01-05 07:58:32', NULL, 0),
(74, 'hongsu@gmail.com', 0x3a3a3100000000000000000000000000, '2023-01-05 07:59:36', NULL, 0),
(75, 'hongsu@gmail.com', 0x3a3a3100000000000000000000000000, '2023-01-05 07:59:50', NULL, 0),
(76, 'hongsu@gmail.com', 0x3a3a3100000000000000000000000000, '2023-01-05 08:00:13', NULL, 0),
(77, 'hongsu@gmail.com', 0x3a3a3100000000000000000000000000, '2023-01-05 08:00:58', '05-01-2023 01:32:49 PM', 1),
(78, 'hongsu@gmail.com', 0x3a3a3100000000000000000000000000, '2023-01-05 08:02:58', '05-01-2023 01:38:43 PM', 1),
(79, 'hongsuu@gmail.com', 0x3a3a3100000000000000000000000000, '2023-01-05 08:49:33', NULL, 0),
(80, 'hongsuu@gmail.com', 0x3a3a3100000000000000000000000000, '2023-01-05 08:49:48', NULL, 0),
(81, 'hongsu@gmail.com', 0x3a3a3100000000000000000000000000, '2023-01-05 08:49:56', NULL, 0),
(82, 'hieu@gmail.com', 0x3a3a3100000000000000000000000000, '2023-01-05 08:50:08', '05-01-2023 02:20:18 PM', 1),
(83, 'thi@gmail.com', 0x3a3a3100000000000000000000000000, '2023-01-05 08:51:23', NULL, 1),
(84, 'hieu@gmail.com', 0x3a3a3100000000000000000000000000, '2023-01-05 18:30:14', NULL, 1),
(85, 'hieu@gmail.com', 0x3a3a3100000000000000000000000000, '2023-01-05 19:45:23', NULL, 1);

-- --------------------------------------------------------

--
-- Cấu trúc bảng cho bảng `users`
--

CREATE TABLE `users` (
  `id` int(11) NOT NULL,
  `name` varchar(255) DEFAULT NULL,
  `email` varchar(255) DEFAULT NULL,
  `contactno` bigint(11) DEFAULT NULL,
  `password` varchar(255) DEFAULT NULL,
  `shippingAddress` longtext DEFAULT NULL,
  `shippingState` varchar(255) DEFAULT NULL,
  `shippingCity` varchar(255) DEFAULT NULL,
  `shippingPincode` int(11) DEFAULT NULL,
  `billingAddress` longtext DEFAULT NULL,
  `billingState` varchar(255) DEFAULT NULL,
  `billingCity` varchar(255) DEFAULT NULL,
  `billingPincode` int(11) DEFAULT NULL,
  `regDate` timestamp NOT NULL DEFAULT current_timestamp(),
  `updationDate` varchar(255) DEFAULT NULL
) ENGINE=InnoDB DEFAULT CHARSET=utf8mb4 COLLATE=utf8mb4_general_ci;

--
-- Đang đổ dữ liệu cho bảng `users`
--

INSERT INTO `users` (`id`, `name`, `email`, `contactno`, `password`, `shippingAddress`, `shippingState`, `shippingCity`, `shippingPincode`, `billingAddress`, `billingState`, `billingCity`, `billingPincode`, `regDate`, `updationDate`) VALUES
(4, 'NGUYEN HOANG LONG', 'long94079@gmail.com', 935026703, 'f5bb0c8de146c67b44babbf4e6584cc0', 'Tran Cao Van', 'Thanh Khe', 'Da Nang', 50000, 'Tran Cao Van', 'Thanh Khe', 'Da Nang', 50000, '2022-11-10 05:17:01', NULL),
(5, 'Văn Minh Hiếu', 'hieu@gmail.com', 383749095, '202cb962ac59075b964b07152d234b70', '142/H56/8 Điện Biên Phủ', 'Đà Nẵng', 'Thanh Khê', 5000, '142/H56/8 Điện Biên Phủ', 'Đà Nẵng', 'Thanh Khê', 5000, '2022-11-10 14:31:39', NULL),
(7, 'Lê Hồng Sự', 'hongsu@gmail.com', 383749095, 'b82f54ec482f705896f8f395c3f98477', '48 Lý Thái Tông, Hòa Minh', 'Liên chiểu', 'Đà Nẵng', 383749095, '48 Lý Thái Tông, Hòa Minh', 'Liên chiểu', 'Đà Nẵng', 50000, '2023-01-05 08:00:43', NULL),
(8, 'lê Văn Gu', 'hongsuu@gmmail.com', 383749095, '174749d1c5f12bb675857fdc4216d031', NULL, NULL, NULL, NULL, NULL, NULL, NULL, NULL, '2023-01-05 08:49:16', NULL),
(9, 'Trinh Sử Trường Thi', 'thi@gmail.com', 905723278, 'dc44e0590088382dccac918b930b65a4', NULL, NULL, NULL, NULL, '142/H56/8 Điện Biên Phủ, Thanh Khê, Đà Nẵng\r\nPhường Chính Gián', 'Đà Nẵng', 'Quận Thanh Khê', 50000, '2023-01-05 08:51:13', NULL);

-- --------------------------------------------------------

--
-- Cấu trúc bảng cho bảng `wishlist`
--

CREATE TABLE `wishlist` (
  `id` int(11) NOT NULL,
  `userId` int(11) DEFAULT NULL,
  `productId` int(11) DEFAULT NULL,
  `postingDate` timestamp NOT NULL DEFAULT current_timestamp()
) ENGINE=InnoDB DEFAULT CHARSET=utf8mb4 COLLATE=utf8mb4_general_ci;

--
-- Đang đổ dữ liệu cho bảng `wishlist`
--

INSERT INTO `wishlist` (`id`, `userId`, `productId`, `postingDate`) VALUES
(7, 5, 2, '2023-01-05 18:52:31');

--
-- Chỉ mục cho các bảng đã đổ
--

--
-- Chỉ mục cho bảng `admin`
--
ALTER TABLE `admin`
  ADD PRIMARY KEY (`id`);

--
-- Chỉ mục cho bảng `category`
--
ALTER TABLE `category`
  ADD PRIMARY KEY (`id`);

--
-- Chỉ mục cho bảng `orders`
--
ALTER TABLE `orders`
  ADD PRIMARY KEY (`id`);

--
-- Chỉ mục cho bảng `ordertrackhistory`
--
ALTER TABLE `ordertrackhistory`
  ADD PRIMARY KEY (`id`);

--
-- Chỉ mục cho bảng `productreviews`
--
ALTER TABLE `productreviews`
  ADD PRIMARY KEY (`id`);

--
-- Chỉ mục cho bảng `products`
--
ALTER TABLE `products`
  ADD PRIMARY KEY (`id`);

--
-- Chỉ mục cho bảng `subcategory`
--
ALTER TABLE `subcategory`
  ADD PRIMARY KEY (`id`);

--
-- Chỉ mục cho bảng `tbl_momo`
--
ALTER TABLE `tbl_momo`
  ADD PRIMARY KEY (`id_momo`);

--
-- Chỉ mục cho bảng `userlog`
--
ALTER TABLE `userlog`
  ADD PRIMARY KEY (`id`);

--
-- Chỉ mục cho bảng `users`
--
ALTER TABLE `users`
  ADD PRIMARY KEY (`id`);

--
-- Chỉ mục cho bảng `wishlist`
--
ALTER TABLE `wishlist`
  ADD PRIMARY KEY (`id`);

--
-- AUTO_INCREMENT cho các bảng đã đổ
--

--
-- AUTO_INCREMENT cho bảng `admin`
--
ALTER TABLE `admin`
  MODIFY `id` int(11) NOT NULL AUTO_INCREMENT, AUTO_INCREMENT=2;

--
-- AUTO_INCREMENT cho bảng `category`
--
ALTER TABLE `category`
  MODIFY `id` int(11) NOT NULL AUTO_INCREMENT, AUTO_INCREMENT=4;

--
-- AUTO_INCREMENT cho bảng `orders`
--
ALTER TABLE `orders`
  MODIFY `id` int(11) NOT NULL AUTO_INCREMENT, AUTO_INCREMENT=68;

--
-- AUTO_INCREMENT cho bảng `ordertrackhistory`
--
ALTER TABLE `ordertrackhistory`
  MODIFY `id` int(11) NOT NULL AUTO_INCREMENT, AUTO_INCREMENT=18;

--
-- AUTO_INCREMENT cho bảng `productreviews`
--
ALTER TABLE `productreviews`
  MODIFY `id` int(11) NOT NULL AUTO_INCREMENT, AUTO_INCREMENT=8;

--
-- AUTO_INCREMENT cho bảng `products`
--
ALTER TABLE `products`
  MODIFY `id` int(11) NOT NULL AUTO_INCREMENT, AUTO_INCREMENT=56;

--
-- AUTO_INCREMENT cho bảng `subcategory`
--
ALTER TABLE `subcategory`
  MODIFY `id` int(11) NOT NULL AUTO_INCREMENT, AUTO_INCREMENT=31;

--
-- AUTO_INCREMENT cho bảng `tbl_momo`
--
ALTER TABLE `tbl_momo`
  MODIFY `id_momo` int(11) NOT NULL AUTO_INCREMENT, AUTO_INCREMENT=2;

--
-- AUTO_INCREMENT cho bảng `userlog`
--
ALTER TABLE `userlog`
  MODIFY `id` int(11) NOT NULL AUTO_INCREMENT, AUTO_INCREMENT=86;

--
-- AUTO_INCREMENT cho bảng `users`
--
ALTER TABLE `users`
  MODIFY `id` int(11) NOT NULL AUTO_INCREMENT, AUTO_INCREMENT=10;

--
-- AUTO_INCREMENT cho bảng `wishlist`
--
ALTER TABLE `wishlist`
  MODIFY `id` int(11) NOT NULL AUTO_INCREMENT, AUTO_INCREMENT=8;
COMMIT;

/*!40101 SET CHARACTER_SET_CLIENT=@OLD_CHARACTER_SET_CLIENT */;
/*!40101 SET CHARACTER_SET_RESULTS=@OLD_CHARACTER_SET_RESULTS */;
/*!40101 SET COLLATION_CONNECTION=@OLD_COLLATION_CONNECTION */;
